cell id,0,1,2,3,4,5,6,7,8,9,10,11,12,13,14,15,16,17,18,19
601506507,0.0,0.0,0.0,0.0,0.0,0.0,0.56831228,3.31802526,8.35246843,5.13203215,1.44661309,0.70034443,0.48220436,0.0,0.0,0.0,0.0,0.0,0.0,0.0
601790961,0.0,0.0,0.0,0.0,0.0,0.03481754,0.60528959,1.6324071,1.93639103,2.21493137,4.14194844,4.83026448,3.08670907,1.33110144,0.18613994,0.0,0.0,0.0,0.0,0.0
601803754,0.00322268772,8.98614244,10.617467,0.390589752,0.00257815018,0.0,0.0,0.0,0.0,0.0,0.0,0.0,0.0,0.0,0.0,0.0,0.0,0.0,0.0,0.0
601808698,0.0,0.0,0.0,0.25554207,0.48680764,0.4689197,0.88417556,3.57758896,10.43633808,3.72835878,0.1482144,0.01405481,0.0,0.0,0.0,0.0,0.0,0.0,0.0,0.0
601810307,0.0,0.0,1.42387289,5.33016242,9.79709558,2.81131407,0.63755503,0.0,0.0,0.0,0.0,0.0,0.0,0.0,0.0,0.0,0.0,0.0,0.0,0.0
601811091,0.0,0.0,0.0,0.0,0.0,0.0,0.0,0.0,0.09506399,0.46215722,0.83802559,1.69652651,1.85009141,2.49506399,4.55722121,3.10201097,2.66764168,1.10420475,0.82925046,0.30274223
602231708,0.0,0.0,0.0,0.0,0.0,0.03008563,0.89562601,1.00439713,0.83776903,1.55982411,3.7653321,8.81740338,3.00856283,0.08099977,0.0,0.0,0.0,0.0,0.0,0.0
602535278,0.0,0.0,0.0,0.05077279,2.4624804,3.46449638,6.63630255,6.03598895,1.24692003,0.1030389,0.0,0.0,0.0,0.0,0.0,0.0,0.0,0.0,0.0,0.0
604646725,0.0,0.0,0.0,0.08459411,0.80364405,0.3969416,1.92614283,3.58548886,5.21880592,3.15601106,1.55848381,1.28192614,1.98796161,0.0,0.0,0.0,0.0,0.0,0.0,0.0
605060256,0.0,0.0,0.0,0.0,0.0,0.0,0.0,0.0,0.38890206,6.62082049,6.93858193,5.72444866,0.32724686,0.0,0.0,0.0,0.0,0.0,0.0,0.0
605160536,0.0,0.0,0.83263598,1.93305439,1.78242678,2.86610879,4.20502092,4.13389121,4.16736402,0.07949791,0.0,0.0,0.0,0.0,0.0,0.0,0.0,0.0,0.0,0.0
606098116,0.0,0.0,0.0,1.25181733,9.11761417,5.49263747,2.22851817,0.72096925,0.57409133,0.53830382,0.07604846,0.0,0.0,0.0,0.0,0.0,0.0,0.0,0.0,0.0
606271263,0.0,0.0,0.24176955,9.62242798,8.62962963,1.41769547,0.08847737,0.0,0.0,0.0,0.0,0.0,0.0,0.0,0.0,0.0,0.0,0.0,0.0,0.0
606308411,0.0,0.0,0.0,2.72989741,12.73419743,4.41304748,0.12285767,0.0,0.0,0.0,0.0,0.0,0.0,0.0,0.0,0.0,0.0,0.0,0.0,0.0
614728680,0.0,0.0,0.0,0.0,0.0,0.0,0.00755287,0.20675982,1.03096677,3.47337613,2.85215257,2.98149547,3.78870846,4.5364426,1.07817221,0.04437311,0.0,0.0,0.0,0.0
623326230,0.0,0.0,0.14999167,5.34192545,9.66946281,3.82756514,0.92550414,0.0855508,0.0,0.0,0.0,0.0,0.0,0.0,0.0,0.0,0.0,0.0,0.0,0.0
623415197,0.0,0.0,1.01723651,13.987002,3.91636055,0.692285956,0.378638033,0.0084769709,0.0,0.0,0.0,0.0,0.0,0.0,0.0,0.0,0.0,0.0,0.0,0.0
623434306,0.0,0.21298577,6.34188985,8.34618136,3.33306843,0.7104824,0.46411825,0.29722642,0.26066916,0.03337837,0.0,0.0,0.0,0.0,0.0,0.0,0.0,0.0,0.0,0.0
626153003,0.0,0.0,0.0,0.0,0.0,0.0,0.0,0.0,0.0,0.0,0.0,0.11312993,8.1316421,10.11998629,1.27185465,0.36338704,0.0,0.0,0.0,0.0
627881581,0.0,0.0,0.11961268,0.63793431,2.53464971,2.21188532,5.42623885,7.09891779,1.87488134,0.09588001,0.0,0.0,0.0,0.0,0.0,0.0,0.0,0.0,0.0,0.0
637846989,0.0,0.34380557,9.57518277,6.80497925,2.36712112,0.75874333,0.15016795,0.0,0.0,0.0,0.0,0.0,0.0,0.0,0.0,0.0,0.0,0.0,0.0,0.0
638212024,0.28497409,8.09153713,8.0656304,2.69430052,0.86355786,0.0,0.0,0.0,0.0,0.0,0.0,0.0,0.0,0.0,0.0,0.0,0.0,0.0,0.0,0.0
639004612,0.0,0.0,0.0,0.0,0.0,0.2962963,6.60208927,6.35137702,3.47958215,2.48812915,0.60018993,0.18233618,0.0,0.0,0.0,0.0,0.0,0.0,0.0,0.0
639013022,0.0,0.0,3.48062207,9.01505801,5.79116268,1.71315725,0.0,0.0,0.0,0.0,0.0,0.0,0.0,0.0,0.0,0.0,0.0,0.0,0.0,0.0
639674270,0.0,0.0,0.0,0.0,0.0,0.0,0.0,0.0,0.0,0.0,0.0,0.0,0.0,0.0,0.0,1.14430563,6.9925765,7.87615426,3.98696361,0.0
639708328,0.0,0.0,0.0,0.0,0.0,0.0,0.0,0.0,0.0,0.0,0.0,0.0,2.30519481,5.94155844,7.47113997,3.9033189,0.37878788,0.0,0.0,0.0
639797308,0.0,0.0,0.0,0.73863337,8.43580423,8.49902534,1.87872083,0.16332122,0.20652231,0.07797271,0.0,0.0,0.0,0.0,0.0,0.0,0.0,0.0,0.0,0.0
639809582,0.0,0.0,0.0,0.0,0.0,0.0,0.0,0.0,0.0,0.0,0.0,0.0,0.65594583,2.2407956,3.20990267,5.47820567,4.13245874,2.8565383,1.02835379,0.39779941
639818525,0.0,0.0,0.0,0.0,0.0574204947,1.41894876,3.80079505,3.5059629,4.89288869,5.23962014,1.08105124,0.00331272085,0.0,0.0,0.0,0.0,0.0,0.0,0.0,0.0
639841063,0.0,0.0,0.0,1.0939759,2.29122203,2.2141136,3.06299484,3.8919105,5.85542169,1.52013769,0.07022375,0.0,0.0,0.0,0.0,0.0,0.0,0.0,0.0,0.0
639862877,0.0,0.0,0.0,0.3306758,0.90320509,1.13007652,2.11568302,2.94718819,5.72743325,5.93076141,0.77478731,0.12306704,0.01712237,0.0,0.0,0.0,0.0,0.0,0.0,0.0
639881631,0.0,0.0,0.0,0.0,0.0,0.0,0.0,0.00663459944,0.142643888,0.278653176,1.41814563,8.17880245,5.78039476,3.13982418,0.485984409,0.519157406,0.0497594958,0.0,0.0,0.0
639893239,0.0,0.0,0.0,0.0,0.0,0.0,0.0,0.0,0.09363654,0.30575196,1.06057711,1.42939041,2.01031913,2.51480986,9.32543474,2.49378941,0.54462068,0.22167017,0.0,0.0
639962984,0.0,0.0,0.01884074,0.79241937,3.83242824,8.6224094,5.67882079,0.71373157,0.2670952,0.07425468,0.0,0.0,0.0,0.0,0.0,0.0,0.0,0.0,0.0,0.0
640061596,0.0,0.0,0.0,0.0,0.0,0.0,0.0,0.0,0.0,0.0,8.11895911,10.66914498,1.21189591,0.0,0.0,0.0,0.0,0.0,0.0,0.0
640111844,0.0,0.0,0.0,0.0,0.0,0.0,0.0,0.0,0.0,0.0,0.0,0.0,0.0,0.0,0.0,0.90077243,3.05407011,7.71004159,6.89483066,1.4402852
640280740,0.0,0.0,0.0,0.0,2.69419862,9.6230744,6.31268437,1.00294985,0.36709276,0.0,0.0,0.0,0.0,0.0,0.0,0.0,0.0,0.0,0.0,0.0
642124659,0.0,0.0,0.0,0.90507726,5.81309787,10.28452293,2.77655139,0.22075055,0.0,0.0,0.0,0.0,0.0,0.0,0.0,0.0,0.0,0.0,0.0,0.0
643021973,0.0,0.0,0.0,0.0,0.0,0.09047824,1.14390349,4.17277036,6.74493753,4.38819474,0.97156398,1.25807841,1.21930202,0.01077122,0.0,0.0,0.0,0.0,0.0,0.0
643536919,0.0,0.0,0.0,0.0,0.0,0.0,0.0,0.0,0.0,0.0,0.0,0.27840612,2.3908126,2.72489995,10.52375152,3.30259266,0.77953715,0.0,0.0,0.0
643702874,0.0,0.0,0.0,0.0,0.48099302,0.41375743,0.39824153,0.40858547,0.39306956,5.06852858,12.39203517,0.44478924,0.0,0.0,0.0,0.0,0.0,0.0,0.0,0.0
643727497,0.0,0.0,0.0,0.0,0.0,0.0,0.0,0.0,0.0,0.0,0.0,0.0,0.0,0.0,0.0,0.0,0.0,1.93127962,12.03791469,6.03080569
643754730,0.0,0.0,0.0,0.0,0.0,0.0,0.0,0.0,0.0,0.0,0.0,0.0448654,1.555334,6.27118644,9.34695912,1.91425723,0.69292124,0.17447657,0.0,0.0
644571405,0.0,0.0,0.0,0.0,0.0,0.0,0.0,0.0,0.0,0.0,0.0,0.0,0.0,0.0,0.0,0.0,0.0,0.44936808,4.14729287,15.40333905
644920227,0.0,0.0,2.409601,9.91895262,5.6701995,1.67705736,0.32418953,0.0,0.0,0.0,0.0,0.0,0.0,0.0,0.0,0.0,0.0,0.0,0.0,0.0
644941196,3.98868182,12.51244024,3.49887794,0.0,0.0,0.0,0.0,0.0,0.0,0.0,0.0,0.0,0.0,0.0,0.0,0.0,0.0,0.0,0.0,0.0
644994103,0.0,0.0,0.0,0.0,0.0,0.0,0.0,0.0,0.0,0.02541806,0.46020067,3.61337793,4.35451505,5.46622074,5.03277592,0.94849498,0.09899666,0.0,0.0,0.0
645012440,0.0,0.0,0.0,0.0,0.0,0.0,0.0890538,0.21273964,0.20779221,0.21273964,0.47000618,1.84291899,2.08534323,9.2393321,4.96227582,0.67779839,0.0,0.0,0.0,0.0
645057881,0.0,0.0,0.0,0.0,0.0,0.2455721,0.44985331,0.3955232,1.20178203,1.43214169,1.07573617,1.0409649,3.00554167,5.11137672,2.00152124,2.21014886,1.13223949,0.69759861,0.0,0.0
645169930,10.34189569,8.80306568,0.75803844,0.09700018,0.0,0.0,0.0,0.0,0.0,0.0,0.0,0.0,0.0,0.0,0.0,0.0,0.0,0.0,0.0,0.0
645322005,0.0,0.0,0.0,0.0,0.0,0.14308325,1.23203545,3.7518202,1.95378284,1.26875594,0.54827477,2.68059513,5.34852802,2.05128205,1.02184236,0.0,0.0,0.0,0.0,0.0
645355846,0.0,0.0,0.0,0.0,0.0,0.0,0.0,0.0,0.0,0.0,0.0,0.0,0.0,0.0,0.0,0.98488835,5.34696639,12.20209007,1.46605518,0.0
646805498,0.0,0.0,0.0,0.0,0.0,0.0,0.05033066,0.1919588,3.07719319,1.42447475,0.44010066,0.83689354,3.83449406,6.48563235,2.86884766,0.72218646,0.06788787,0.0,0.0,0.0
646852171,0.0,0.0,0.0,0.0,0.0,0.0,0.01181422,1.99955697,10.07162372,6.60858008,0.78859928,0.51982574,0.0,0.0,0.0,0.0,0.0,0.0,0.0,0.0
647045788,0.0,0.0,0.04753348,4.43684424,6.42745348,3.41313547,1.36919599,1.66483102,0.95182888,0.57619848,0.57387978,0.23882673,0.30027245,0.0,0.0,0.0,0.0,0.0,0.0,0.0
648139266,0.0,0.0,0.0,0.0,0.12658228,4.41631505,4.15611814,1.69479606,0.73839662,0.85091421,1.7862166,4.81012658,1.35021097,0.07032349,0.0,0.0,0.0,0.0,0.0,0.0
648582997,3.36871904,16.36058033,0.27070064,0.0,0.0,0.0,0.0,0.0,0.0,0.0,0.0,0.0,0.0,0.0,0.0,0.0,0.0,0.0,0.0,0.0
649387261,0.0,0.0,0.0,0.0,0.0,0.00375704446,2.78647464,3.63431434,0.643706951,0.259236068,0.9492799,3.94239198,5.78334377,0.965560426,0.489668128,0.420788979,0.121477771,0.0,0.0,0.0
652299236,0.0,0.0,0.0,0.0,1.32472214,4.2024632,3.92610394,4.88434965,2.8386903,2.41513968,0.39951938,0.00901172,0.0,0.0,0.0,0.0,0.0,0.0,0.0,0.0
652300499,0.0,0.0,0.22359419,2.04438512,5.67662273,6.0897714,2.9581178,1.83013516,1.12197564,0.05539796,0.0,0.0,0.0,0.0,0.0,0.0,0.0,0.0,0.0,0.0
652305423,0.0,0.0,0.0,0.0,0.0,0.0,0.0,0.0,0.0,0.0,0.0,0.0,0.0,0.0,0.0,0.22781457,3.78278146,9.76600442,5.21059603,1.01280353
652306478,0.0,0.0,0.0,0.0,0.0,0.0,0.0,0.0,0.0,0.0,0.0,0.0,0.0,0.02037144,1.44840933,5.49960955,7.6107697,4.66641768,0.70213561,0.05228669
652516963,0.0,0.0,0.0,1.58239898,10.49291305,4.33255765,1.17622171,1.61624709,0.55849376,0.24116776,0.0,0.0,0.0,0.0,0.0,0.0,0.0,0.0,0.0,0.0
652533530,0.0,0.0,0.0,0.0,0.0,0.0,0.0,0.0,0.0,0.0,0.02507632,0.25294374,1.11971217,3.00479721,4.64457043,3.678587,2.89795028,2.54143044,1.45878761,0.37614479
652812484,0.0,0.0,0.0,0.20634432,3.79119187,8.39236218,4.42562365,2.93501694,0.24946104,0.0,0.0,0.0,0.0,0.0,0.0,0.0,0.0,0.0,0.0,0.0
652958762,0.0,0.0,0.0,0.0,0.12870632,0.17200938,0.81313526,1.94382631,8.12654117,7.32904312,1.18241415,0.2586155,0.04570879,0.0,0.0,0.0,0.0,0.0,0.0,0.0
653327513,0.0,0.0,0.0,0.0,0.0,0.0,0.0,0.0,0.0,0.0,0.0,0.41051739,2.63613232,6.96013571,6.27989822,2.80067854,0.91263783,0.0,0.0,0.0
653699672,0.0,0.0,0.0,0.0,0.0,0.1766894,0.45412275,0.78115313,3.18195908,10.66646001,4.33973962,0.19683819,0.18908865,0.01394916,0.0,0.0,0.0,0.0,0.0,0.0
656156755,0.0,0.0,0.0,0.0,0.0,0.0697081,0.28256675,1.78253563,6.9745441,8.96122487,1.71158275,0.14190577,0.07593203,0.0,0.0,0.0,0.0,0.0,0.0,0.0
656705176,0.0,0.11943904,3.76836878,6.71811045,5.17077099,2.51090384,1.19304838,0.51935852,0.0,0.0,0.0,0.0,0.0,0.0,0.0,0.0,0.0,0.0,0.0,0.0
656706125,0.0,0.0,0.0,0.08565806,4.79916657,7.89057375,5.41960875,1.0741984,0.24308369,0.29092873,0.19678203,0.0,0.0,0.0,0.0,0.0,0.0,0.0,0.0,0.0
656901554,0.0,0.0,0.0,0.0,0.0,0.0,0.0,0.28204589,0.80825089,7.24268575,11.43759209,0.22942538,0.0,0.0,0.0,0.0,0.0,0.0,0.0,0.0
657184390,0.0,0.0,0.0,0.0,0.0,0.0,0.0,0.0,0.08606076,1.63254662,5.28360934,6.25635676,4.59512322,1.89594471,0.25035859,0.0,0.0,0.0,0.0,0.0
657185355,0.0,0.0,0.0,0.53460621,1.61972951,3.71042164,1.75656325,4.48050915,3.1185362,1.59745426,2.08432776,1.08512331,0.01272872,0.0,0.0,0.0,0.0,0.0,0.0,0.0
657442490,0.0,0.0,0.0,0.0,0.0,0.0,0.0,0.0,0.19524894,1.38626749,10.29612756,7.445493,0.676863,0.0,0.0,0.0,0.0,0.0,0.0,0.0
657454163,0.0,0.0,0.0,0.0,0.0,0.0439373538,0.123308058,1.16788321,6.60902842,10.1934661,1.67812345,0.175749415,0.00850400397,0.0,0.0,0.0,0.0,0.0,0.0,0.0
657661669,0.0,0.0,0.0,0.0,0.0,0.0,0.0,0.29812216,0.14739559,0.21817879,0.15655577,0.10409293,0.26647791,1.44647541,4.3002873,5.56689012,4.01632177,2.01274098,1.14418953,0.32227172
657661984,0.0,0.0,0.0,0.0,0.0,2.17501585,1.19847812,2.14806595,6.97844008,7.0307546,0.4280279,0.0412175,0.0,0.0,0.0,0.0,0.0,0.0,0.0,0.0
657675492,0.0,0.0,6.09701668,13.36856942,0.53441391,0.0,0.0,0.0,0.0,0.0,0.0,0.0,0.0,0.0,0.0,0.0,0.0,0.0,0.0,0.0
657857340,0.0,0.0,0.0,0.0,0.12430996,8.2109998,3.25741157,0.92332856,0.57002658,0.71069311,4.78838683,1.13023921,0.09159681,0.07769372,0.11531384,0.0,0.0,0.0,0.0,0.0
657858349,0.0,0.0,0.0,0.0,0.0,0.0,0.0,0.0,0.25868263,0.51257485,0.8,1.97365269,7.29101796,7.7748503,1.31736527,0.07185629,0.0,0.0,0.0,0.0
657983207,0.0,0.0,0.0,0.0,0.0,0.0,0.0,0.0,0.0,0.0,0.0,0.23681895,0.60484839,4.76198096,4.54116329,5.16521322,3.30266421,0.95527642,0.41603328,0.01600128
657984709,0.0,0.0,0.0,0.0,0.0,0.0,0.0,0.0,0.0,0.0,0.0,0.0,0.0,0.0,0.0,0.0,0.0,2.26711027,9.99762357,7.73526616
657985196,0.0,0.0,0.0,0.0,0.0,0.0,0.0,0.0,0.04294102,0.55998598,1.90430287,2.70703707,1.84558759,4.11883271,4.83919026,2.578214,1.06300938,0.29795811,0.04294102,0.0
657999088,0.0,0.0,0.0,7.34690882,10.01871216,2.32177582,0.13135205,0.0638415,0.0711796,0.04623005,0.0,0.0,0.0,0.0,0.0,0.0,0.0,0.0,0.0,0.0
658012080,0.0,0.0,0.0,0.0,0.0,0.0,0.0,0.0,0.0,0.0,0.0,0.0,0.03324429,0.43573761,2.12288513,7.18076581,7.13327397,2.69397447,0.40011873,0.0
658447323,0.0,0.0,0.0,1.55807365,5.87818697,6.18035883,1.4305949,2.0727101,2.51652502,0.36355052,0.0,0.0,0.0,0.0,0.0,0.0,0.0,0.0,0.0,0.0
659012847,0.0,0.0,0.0,0.0,0.0,0.0,0.0,0.0,0.0,0.0,0.0,0.0,0.0,0.0,0.20218431,3.91190541,7.45554653,4.2603123,3.53642025,0.63363119
659395808,0.0,0.0,0.0,0.0,0.0,0.0,0.0,0.0,0.0,0.0,0.0,0.0,0.0,0.2608242,0.84507042,2.40479917,11.65362546,4.83568075,0.0,0.0
659405820,0.0,0.0,0.0,0.0,0.0,0.0,0.0,0.0,0.3092658,1.36612687,3.11944478,3.70144892,3.83538293,4.0862048,2.52769999,0.93510289,0.11932302,0.0,0.0,0.0
659405868,0.0,1.04633479,5.68792457,5.13434046,3.35597688,2.63003143,1.9020582,0.24333367,0.0,0.0,0.0,0.0,0.0,0.0,0.0,0.0,0.0,0.0,0.0,0.0
659413418,0.0,0.0,0.0,0.0,0.0,0.0,0.43161586,4.08956029,10.03506879,5.44375506,0.0,0.0,0.0,0.0,0.0,0.0,0.0,0.0,0.0,0.0
659697295,0.0,0.0,0.14357731,5.57654266,9.82196414,3.83510944,0.62280646,0.0,0.0,0.0,0.0,0.0,0.0,0.0,0.0,0.0,0.0,0.0,0.0,0.0
660050258,0.0,0.0,0.0,0.0,0.0,0.0,0.04338395,1.12798265,1.23101952,1.23644252,0.95444685,6.35032538,9.05639913,0.0,0.0,0.0,0.0,0.0,0.0,0.0
661189529,0.0,0.0,0.0,0.0,0.0,0.0,0.0,0.0241206,1.24422111,5.36281407,9.54572864,3.78894472,0.03417085,0.0,0.0,0.0,0.0,0.0,0.0,0.0
661318431,0.0,0.0,0.0,0.0,0.0,0.0,0.0,0.0,0.0,0.0,0.04310345,0.26557286,1.31813126,1.45856507,2.79060067,6.15266963,3.93770857,2.9727475,0.79115684,0.26974416
661319074,0.0,0.0,0.0,0.0,0.0,0.0,0.0,0.12376028,0.2271764,0.42044588,3.35169958,7.54090023,4.54691871,2.49554972,1.29354921,0.0,0.0,0.0,0.0,0.0
661422439,0.0,0.0,0.0,0.0,0.0,0.0,0.0,0.0,0.51618548,3.31000292,10.24496938,3.27209099,2.32137649,0.33537474,0.0,0.0,0.0,0.0,0.0,0.0
661492805,0.0,0.0,0.0,0.15993562,2.3698637,5.13503998,3.60508978,3.01362973,3.91289041,1.35190867,0.4456068,0.00603531,0.0,0.0,0.0,0.0,0.0,0.0,0.0,0.0
662580082,0.0,0.0,0.0,0.0,0.0,0.0,0.0,0.0,0.0,0.0,0.0,0.0,0.0,0.0,0.0,0.15757485,6.58662865,8.19839424,4.81728821,0.24011405
663193112,0.0,0.0,0.0,0.0,0.0,0.0,0.0,0.0,0.0,0.0,0.88463194,4.59319845,10.02152389,3.49547998,0.97933706,0.02582867,0.0,0.0,0.0,0.0
666141992,0.0,0.0,0.0,0.05559178,1.38704917,7.02240829,6.61748053,2.47829519,0.50993446,0.30060739,0.6657287,0.81465976,0.10981092,0.03843382,0.0,0.0,0.0,0.0,0.0,0.0
667473785,0.0,0.0,0.0,0.08762706,3.63126533,9.31650894,6.90150719,0.06309148,0.0,0.0,0.0,0.0,0.0,0.0,0.0,0.0,0.0,0.0,0.0,0.0
667492234,0.0,7.32440379,11.66176631,0.99531743,0.01851247,0.0,0.0,0.0,0.0,0.0,0.0,0.0,0.0,0.0,0.0,0.0,0.0,0.0,0.0,0.0
668176228,0.0,0.0,0.0,0.0,0.0,0.0,0.0,0.0,0.0339829,0.81558966,2.12605533,2.02304466,3.25280093,5.24292465,3.93245898,1.88180322,0.59151489,0.09982478,0.0,0.0
668337999,0.0,0.0,0.0,0.0,1.72664613,2.8802846,1.91214306,1.27815011,1.30419592,3.36181431,5.36543531,1.61547502,0.34875965,0.18803799,0.0190579,0.0,0.0,0.0,0.0,0.0
668464797,0.0,0.0,0.0,0.0,0.75321575,13.46770985,5.6119878,0.16708659,0.0,0.0,0.0,0.0,0.0,0.0,0.0,0.0,0.0,0.0,0.0,0.0
669047778,0.0,0.0,0.0,0.0,0.0,0.0,0.0,0.0,0.41415294,0.30979945,0.73047448,6.52861569,6.80906571,3.44366542,1.44790478,0.31632154,0.0,0.0,0.0,0.0
669072736,0.0,0.0,0.0,0.0,0.0,0.0,0.0,0.0,0.0,0.0,0.0,0.0,0.0,0.55938976,3.59849861,5.37837511,5.58905436,3.66872503,1.20595714,0.0
669074640,0.0,0.0,0.0,0.0,0.92158448,7.94462409,9.59377526,1.16006467,0.19805982,0.15460792,0.02728375,0.0,0.0,0.0,0.0,0.0,0.0,0.0,0.0,0.0
669088423,0.0,0.0,0.0,0.01125176,0.25316456,2.31223629,4.33005157,5.58649789,5.59774965,1.20018753,0.50820441,0.20065635,0.0,0.0,0.0,0.0,0.0,0.0,0.0,0.0
669165397,0.0,0.0,0.0,0.0,0.0,0.0,0.0,0.01368925,0.40793977,0.22176591,0.21081451,5.76317591,12.12046543,1.26214921,0.0,0.0,0.0,0.0,0.0,0.0
669523148,0.0,0.17765702,10.1139095,7.19197408,1.63339952,0.21736859,0.48594419,0.1797471,0.0,0.0,0.0,0.0,0.0,0.0,0.0,0.0,0.0,0.0,0.0,0.0
669825289,0.0,0.0,1.65279188,13.52554992,4.07174281,0.25583756,0.10829103,0.12588832,0.23417936,0.02571912,0.0,0.0,0.0,0.0,0.0,0.0,0.0,0.0,0.0,0.0
669838950,0.0,0.0,0.0,0.0,0.0,0.0,0.0,0.0,0.65220395,12.44714661,5.73442034,1.12477546,0.04145364,0.0,0.0,0.0,0.0,0.0,0.0,0.0
670091720,0.0,0.0,0.0,0.0,0.31145997,6.70518053,10.74913658,1.74191523,0.24489796,0.24740973,0.0,0.0,0.0,0.0,0.0,0.0,0.0,0.0,0.0,0.0
670340941,0.0,0.0,0.0,0.0,0.0,0.0,0.0,0.0,0.0,0.0,0.0,0.0,0.0,0.0,0.09187391,7.53049263,10.66054174,1.71709172,0.0,0.0
673132928,0.0,0.0,0.0,0.0,0.0,0.0,0.0,0.0,0.0,0.0,0.0,0.0,1.15694861,5.56810325,9.60129062,3.4293616,0.24429592,0.0,0.0,0.0
673395815,0.0,0.0,0.0,0.0,0.0,0.0,0.0,0.0,0.0,0.0,0.0,0.21016949,0.83389831,6.56271186,10.46779661,1.92542373,0.0,0.0,0.0,0.0
673427380,0.0,0.0,0.0,0.0,0.0,0.0,0.0,0.0,0.0,0.08524457,0.31662269,0.44651918,3.1093972,3.27988634,7.50558149,3.25147148,1.58717272,0.41810432,0.0,0.0
674069192,0.0,1.55503308,11.46372136,5.38247034,0.75673902,0.25261086,0.18918476,0.20777517,0.16622013,0.02624528,0.0,0.0,0.0,0.0,0.0,0.0,0.0,0.0,0.0,0.0
674126167,0.0,0.0,0.0,0.0,0.0,0.0,0.0,0.0,0.0,0.0,0.0,0.0,0.0,1.11074759,4.94192704,7.69998364,3.96368395,2.0840831,0.19957468,0.0
674495385,0.0,0.0,0.0,0.0,0.0,0.0,0.66475744,0.60227371,0.84353033,1.6471405,4.5595765,5.19482774,4.71578582,1.35207845,0.42002951,0.0,0.0,0.0,0.0,0.0
679457550,0.0,0.0,0.0,0.0,0.0,0.0,0.0,0.0,0.0,0.1823495,0.7106955,2.63939217,7.55815313,6.83576856,1.85622443,0.21741672,0.0,0.0,0.0,0.0
679899997,0.0,0.0,0.0,0.83144718,3.92443069,4.84918472,6.86405839,2.62829692,0.71689224,0.18568987,0.0,0.0,0.0,0.0,0.0,0.0,0.0,0.0,0.0,0.0
679932490,0.0,0.0,0.0,0.0,0.0,2.8659895,7.88505834,3.89532908,1.97107578,2.29505721,0.97269947,0.11479062,0.0,0.0,0.0,0.0,0.0,0.0,0.0,0.0
680027413,0.0,0.0,0.0,0.0,0.25536539,5.87068731,9.37516979,2.68405325,1.1056778,0.35588155,0.3531649,0.0,0.0,0.0,0.0,0.0,0.0,0.0,0.0,0.0
680048186,0.0,0.0,0.0,0.0,0.0,0.0,0.0,0.0,0.0,0.0,0.0,0.0,0.0,1.36017078,5.53827386,10.3568161,2.64409881,0.10064044,0.0,0.0
680108584,0.0,0.0,0.0,0.0,0.0,0.0,0.0,0.0,0.0,0.0,0.0,0.0,0.0,0.97158803,11.14155251,7.29071537,0.55048199,0.0456621,0.0,0.0
681793778,0.0,1.23261694,2.37673831,2.93931732,3.72629583,3.73261694,2.44310999,2.4494311,0.82806574,0.27180784,0.0,0.0,0.0,0.0,0.0,0.0,0.0,0.0,0.0,0.0
682332013,0.0,0.0,0.0,0.0,0.0,0.0,0.0,0.0,0.0,0.0,0.0,7.05365318,11.74876396,1.19758286,0.0,0.0,0.0,0.0,0.0,0.0
682454193,0.0,0.0,0.22357163,6.5788021,9.26994204,2.57245377,0.32845708,0.31327629,0.50648634,0.14214739,0.06486337,0.0,0.0,0.0,0.0,0.0,0.0,0.0,0.0,0.0
683899155,0.0,0.0,0.0,0.0,0.0,1.68711656,2.92774369,1.15541922,1.6325835,8.65030675,2.26312202,1.24744376,0.43626449,0.0,0.0,0.0,0.0,0.0,0.0,0.0
685624703,0.0,0.0,0.0,0.0,0.0,0.0,0.0,0.0,0.0,0.1654205,0.60742407,0.75167075,0.99516972,1.01237345,2.62952425,8.46820618,4.2850526,1.08515847,0.0,0.0
685636842,0.0,0.0,0.0,0.0,0.0,0.0,0.0,0.0,0.0,0.0,0.3252355,0.68220129,1.5805652,2.79623203,3.49628161,6.98463064,3.51016361,0.62469013,0.0,0.0
685707621,0.0,0.0,0.0,0.0,0.0,0.0,0.0,0.0,0.0,0.0,0.0,0.0,0.0,0.0,0.8044261,1.04856415,2.30789497,4.67726355,8.88908404,2.27276719
687907602,0.0,0.0,0.0,0.0,0.0,0.0,0.0,0.0,0.05925341,0.33181908,1.01125815,0.86114952,3.44459806,10.65771282,3.29448943,0.33971953,0.0,0.0,0.0,0.0
688115867,0.0,0.0,0.0,0.0,0.0,0.0,0.0,0.0,0.0,0.0,0.0,0.0,0.0,0.0,0.0,0.0,0.02935564,0.73976222,6.11771613,13.11316601
688145929,0.0,0.0,0.0,0.0,0.0,0.0,0.0,0.0,0.0,0.0,0.0,0.0,0.0,0.0,0.00141322781,0.325042397,2.19615602,3.82560769,11.9036179,1.7481628
688958418,0.0,0.0,0.0,0.0,0.03585067,2.05751695,0.77624503,2.61554049,6.45779752,7.49746707,0.55022991,0.00935235,0.0,0.0,0.0,0.0,0.0,0.0,0.0,0.0
689030611,0.0,0.0,0.0,0.0,0.0,0.0,0.0,0.0,0.0,0.0,0.0,0.0,0.0,0.0,0.06383949,3.17920657,11.35066119,4.99407205,0.4122207,0.0
689098357,0.0,0.0,0.0,0.0,0.0,0.0,0.07810059,0.87472665,6.30740394,12.18681662,0.5529522,0.0,0.0,0.0,0.0,0.0,0.0,0.0,0.0,0.0
689211404,0.0,0.0,0.0,0.0,0.0,0.0,0.0,0.0,0.0,0.0,0.0,0.05015045,3.34002006,11.33065864,4.18923437,1.08993648,0.0,0.0,0.0,0.0
689280134,0.0,0.0,0.0,0.0,0.0,0.0,0.0,0.0,0.0,0.0,0.0,0.0,0.0,0.0,3.83922384,10.21483021,3.86347886,1.65973666,0.42273042,0.0
689656936,0.0,0.12101911,9.36305732,9.63269639,0.88322718,0.0,0.0,0.0,0.0,0.0,0.0,0.0,0.0,0.0,0.0,0.0,0.0,0.0,0.0,0.0
691511791,0.0,0.0,0.0,0.0,0.0,0.0,3.50641417,9.07758094,6.34086744,1.07513745,0.0,0.0,0.0,0.0,0.0,0.0,0.0,0.0,0.0,0.0
691665864,0.0,0.0,0.0,0.09501515,2.42632884,4.13247039,6.99944919,5.42137152,0.92536491,0.0,0.0,0.0,0.0,0.0,0.0,0.0,0.0,0.0,0.0,0.0
691685873,0.0,0.0,0.0,1.17818464,4.60298189,5.65586907,4.02797339,3.24413579,1.29085523,0.0,0.0,0.0,0.0,0.0,0.0,0.0,0.0,0.0,0.0,0.0
691719142,0.0,0.0,0.0,0.0,0.90366242,3.11703822,8.01353503,6.64808917,1.31767516,0.0,0.0,0.0,0.0,0.0,0.0,0.0,0.0,0.0,0.0,0.0
692015490,0.0,0.0,0.0,0.0,0.0,0.0,0.0,0.0,0.0,0.0,0.0,0.0,0.09956441,0.12756689,0.12912259,3.42719353,2.24331052,1.63814561,4.04791537,8.28718108
692044280,0.0,0.0,0.0,0.0,0.0,0.0,0.0,0.0,0.0,0.0,0.0,0.0,0.15899582,0.44630404,0.67224547,0.74755927,5.986053,6.67782427,3.88563459,1.42538354
692083084,0.0,0.0,0.02849969,7.03535319,8.08305625,4.59116509,0.26192577,0.0,0.0,0.0,0.0,0.0,0.0,0.0,0.0,0.0,0.0,0.0,0.0,0.0
692286150,0.0,0.0,0.0,0.0,0.03524229,1.21082442,6.94021397,7.71050975,2.93266205,1.07488987,0.09565765,0.0,0.0,0.0,0.0,0.0,0.0,0.0,0.0,0.0
692565557,0.0,0.0,0.0,0.0,0.0,0.0,0.0,0.0,1.63401476,0.73537763,0.34781374,0.29812606,0.91425327,3.43696763,5.27115275,3.74361158,1.67802385,1.72487223,0.21578648,0.0
692777680,0.0,0.0,1.04142012,2.83727811,1.8816568,2.71005917,2.90236686,6.87573964,1.75147929,0.0,0.0,0.0,0.0,0.0,0.0,0.0,0.0,0.0,0.0,0.0
692821749,0.0,0.0,0.0,0.0,0.0,0.0,0.0,0.0,0.0,0.0,0.0,0.0,0.0,0.00990222,0.86273054,7.0998886,7.77447704,4.12427281,0.1287288,0.0
692824134,0.0,0.0,0.0,0.0,0.0,0.0,0.0,0.0,0.00279173646,0.541596873,9.50865438,8.47012842,1.47682859,0.0,0.0,0.0,0.0,0.0,0.0,0.0
692846027,0.0,0.0,0.0,0.0,0.0,0.0,0.0,0.0,0.0,0.0,0.0,0.0,0.0,0.0,0.01461742,1.07944004,8.98746275,8.56805532,1.35042447,0.0
693009119,0.0,0.0,0.0,0.0,0.0,0.0,0.0,0.0,0.0,0.73727401,0.52186178,0.1718169,0.10514168,0.10385947,0.52057956,0.52827286,2.12334915,4.78010001,5.71611745,4.69162713
693085460,0.0,0.0,0.0,0.0,0.0,0.37482696,3.29464381,0.67511447,0.59844532,0.86891705,9.24715153,4.68320733,0.25769354,0.0,0.0,0.0,0.0,0.0,0.0,0.0
693265371,0.0,0.0,0.0,0.0,0.70828961,7.05666317,8.33158447,3.36306401,0.54039874,0.0,0.0,0.0,0.0,0.0,0.0,0.0,0.0,0.0,0.0,0.0
694146546,0.0,0.0,0.0,0.0,0.0,0.0,0.0,0.0,0.05503325,1.55468929,6.1407934,9.31896354,2.52694336,0.40357716,0.0,0.0,0.0,0.0,0.0,0.0
694162255,0.0,0.0,0.0,0.0,0.0,0.0,0.0,0.0,0.0,0.0,0.0,0.0,0.0,0.0,0.0,0.48813559,2.6440678,11.37627119,5.49152542,0.0
694183636,0.0,0.0,0.0,0.0,0.712078131,0.553838546,0.37334652,1.01619483,8.6858697,5.63234022,1.37470639,1.26344418,0.385708988,0.00247249351,0.0,0.0,0.0,0.0,0.0,0.0
694220357,0.0,0.0,0.0,0.0,0.0,0.0,0.0,0.0,0.0,0.0,0.0,0.0,0.01926385,0.38665291,2.9005848,7.24458204,6.4368765,2.57034744,0.44169247,0.0
694419620,0.0,0.0,0.0,0.0,0.0,0.0,0.0,0.0,0.0,0.0,0.0,0.0,0.0,0.51904718,1.73695431,7.39086106,8.88868292,1.46445454,0.0,0.0
694437359,0.0,0.0,0.0,0.0,0.0,0.0,0.0,0.0,0.0,0.0,0.0,0.0,0.0,0.0,0.23491104,13.23874869,6.00302361,0.52331666,0.0,0.0
694689662,0.0,0.0,0.0,0.0,0.31254247,3.9624949,7.88150564,1.56814785,0.41038185,0.51093899,1.83720614,3.33469221,0.18208996,0.0,0.0,0.0,0.0,0.0,0.0,0.0
694734857,0.0,0.0,0.0,0.0,0.0,0.0,0.13866821,0.72800809,7.3234147,4.4460494,4.98049978,2.09735664,0.28600318,0.0,0.0,0.0,0.0,0.0,0.0,0.0
695316536,0.0,0.0,0.0,0.73865917,1.97912485,1.94700923,1.49337615,2.15174629,4.61661983,4.43195504,2.13568848,0.50582096,0.0,0.0,0.0,0.0,0.0,0.0,0.0,0.0
696115308,0.0,0.0,0.0,0.44265594,8.52671585,6.94388554,3.48982786,0.34428795,0.25262687,0.0,0.0,0.0,0.0,0.0,0.0,0.0,0.0,0.0,0.0,0.0
697502029,0.0,0.0,0.0,0.0,0.0,0.0,0.0,0.0,0.0,0.07856478,0.06803548,0.41064269,3.48843802,4.81755963,4.17527234,3.78568825,1.99003766,1.00919289,0.17656826,0.0
697787349,0.0,0.0,0.0,0.0,0.0,0.0,0.0,0.0,0.0,0.0,0.0,0.01306715,0.23520871,0.37894737,1.59854809,6.28820327,7.89401089,2.5553539,0.92196007,0.11470054
697795277,0.0,0.0,0.0,0.0,0.0,0.0,0.0,0.0,0.0,0.0,0.0,0.0,0.0,0.0,0.0,0.14110133,1.8915005,7.06026512,8.24403104,2.663102
697799017,0.0,0.0,0.0,0.16426355,1.34331082,5.87698485,10.02372696,2.45300237,0.13871144,0.0,0.0,0.0,0.0,0.0,0.0,0.0,0.0,0.0,0.0,0.0
697810838,0.0,0.0,0.02838537,1.77659042,2.71831691,2.24411421,4.50993488,3.5815662,3.1674737,1.30405744,0.66956086,0.0,0.0,0.0,0.0,0.0,0.0,0.0,0.0,0.0
698042345,0.0,0.0,0.0,0.0,0.0,0.0,0.0,0.0,0.0,0.0,0.0,0.0,0.18668103,0.21001616,0.33207683,2.50403877,12.33351283,4.16083288,0.2728415,0.0
698086962,0.0,0.0,0.0,0.0,0.0,0.0,0.10338422,2.24295291,5.90501575,6.49139811,3.78806235,0.74872789,0.63403602,0.08642274,0.0,0.0,0.0,0.0,0.0,0.0
698570301,0.0,0.0,0.0,0.0,0.0,0.0,0.0,0.0,0.01926276,1.39042115,7.05367306,4.1651344,2.80010507,3.17485334,1.2389458,0.15760441,0.0,0.0,0.0,0.0
698586385,0.0,0.0,0.0,0.0,0.0,0.0,0.0,0.0,0.0,0.0,0.0,0.0,0.0,0.0,0.25245281,3.93252625,12.29100924,3.3622124,0.1617993,0.0
699448311,0.0,0.0,0.0,0.0,0.0,0.08294646,2.83132157,10.89322191,2.78922934,0.54348499,2.1095636,0.75023213,0.0,0.0,0.0,0.0,0.0,0.0,0.0,0.0
699495755,0.0,0.0,0.0,0.0,0.055327221,4.815049,9.81346823,2.32374328,2.50553272,0.480556434,0.00632311097,0.0,0.0,0.0,0.0,0.0,0.0,0.0,0.0,0.0
700390241,0.0,0.0,0.0,0.17492711,3.87338609,4.2482299,3.53186172,2.07413578,2.48229904,1.18284048,1.83256976,0.5997501,0.0,0.0,0.0,0.0,0.0,0.0,0.0,0.0
700413526,0.0,0.0,0.0,0.0,0.0,0.0,0.0,0.0,0.0,0.0,0.0,0.0,0.0,2.1253406,12.38510445,4.67938238,0.81017257,0.0,0.0,0.0
701075567,0.0,0.0,0.0,0.0,0.0,0.0,0.0,0.01074835,0.14599848,1.09633212,6.49290161,7.51847373,3.48336244,0.89927896,0.27856151,0.07434278,0.0,0.0,0.0,0.0
701140434,0.0,0.0,0.0,0.0,0.0,0.0,0.0,0.0,0.0,0.0,0.0,0.0,0.50180044,0.56065358,0.94010144,4.03143997,7.29314284,5.18062493,1.27463507,0.21760173
702051128,0.0,0.0,0.0,0.0,0.0,0.0,0.0,0.0,0.15709261,0.18991794,0.1852286,0.7080891,3.7866354,4.33997655,8.49237984,1.73974209,0.40093787,0.0,0.0,0.0
703283610,0.0,0.0,0.0,0.0,0.0,0.0,0.0,0.0,0.0,0.0,0.0,0.0,0.0,0.04091573,0.59230395,5.75353142,9.42425718,3.45445689,0.73453483,0.0
703565379,0.0,0.0,0.0,0.0,0.0,0.0,0.0,0.0,0.0,0.0,0.0,0.0,0.0,0.0,0.2044037,1.30908544,5.35056737,5.6722026,4.92071842,2.54302247
704047023,0.0,0.0,0.0,0.0,0.0,0.0,0.0,0.85509403,2.7411717,1.81030984,1.04721959,2.84129347,9.57921797,0.90650792,0.2191855,0.0,0.0,0.0,0.0,0.0
705217315,0.0,0.0,0.0,0.0,0.0,0.0,0.0,0.0,0.1494396,0.69738481,0.69738481,7.38895807,9.9792445,1.08758821,0.0,0.0,0.0,0.0,0.0,0.0
705278421,0.0,0.0,0.0,0.20078081,11.74790853,5.93865031,0.81873954,0.41940881,0.38594534,0.48856665,0.0,0.0,0.0,0.0,0.0,0.0,0.0,0.0,0.0,0.0
705570328,0.0,0.0,0.0,0.0,0.0,0.0,0.12537061,1.07581533,2.48708175,0.47098687,1.10292249,7.20372723,7.18000847,0.35408725,0.0,0.0,0.0,0.0,0.0,0.0
705817510,0.0,0.0,0.0,0.0,0.0,0.0,0.0,0.76640501,2.44228761,2.30153513,0.77723213,0.65117358,4.57445574,7.10568037,1.2814663,0.09976412,0.0,0.0,0.0,0.0
707162377,0.0,0.0,0.0,0.0,0.0,0.0,0.0,0.0,0.0,0.0,0.0,0.0,0.14658727,1.8018018,1.7895862,5.54893877,9.52511834,1.18796763,0.0,0.0
707179690,0.0,0.0,0.14279714,9.33781324,8.54542909,1.8199636,0.15399692,0.0,0.0,0.0,0.0,0.0,0.0,0.0,0.0,0.0,0.0,0.0,0.0,0.0
707403326,0.0,0.0,0.0,0.0,0.60809179,1.93900966,1.41425121,3.37198068,6.66304348,5.25664251,0.57850242,0.11292271,0.05555556,0.0,0.0,0.0,0.0,0.0,0.0,0.0
707424705,0.0,0.0,0.0,0.0,0.0,0.0,0.0,0.0,0.0,0.0,0.19429516,2.32740802,10.32658123,6.9243489,0.22736668,0.0,0.0,0.0,0.0,0.0
707666779,0.0,0.0,0.0,0.0,0.0,0.0,0.0,0.0,0.0,0.0,0.22672652,3.30930032,5.56749649,5.41876389,4.62522106,0.85249172,0.0,0.0,0.0,0.0
708221965,0.0,0.0,0.0,0.0,0.0,0.0,0.0,0.0,0.0,0.0,0.40631164,0.39973702,0.44575937,2.29848784,7.49638396,6.9704142,1.460881,0.52202498,0.0,0.0
709153201,0.0,0.0,0.0,0.0,0.0,0.0,0.0,0.0,0.0,0.0,0.0,0.0,0.0,0.0,0.12340558,2.5168516,9.80192886,6.78108472,0.77672923,0.0
709219898,0.0,0.0,0.0,0.0,0.0,0.0,0.0,4.47204969,10.92779503,4.60015528,0.0,0.0,0.0,0.0,0.0,0.0,0.0,0.0,0.0,0.0
710338421,0.0,0.0,0.0,0.0,0.0,0.0,0.0,0.0,0.0,0.0,0.0,0.0,0.0,0.90358317,4.7706422,6.57953955,6.08274191,1.538861,0.12463216,0.0
710730520,0.0,0.0,0.0,0.0,0.0,0.03083392,2.68441953,6.86661995,4.37281009,1.52020556,2.36580238,1.46507825,0.58864751,0.10558281,0.0,0.0,0.0,0.0,0.0,0.0
710743304,0.0,0.0,0.0,0.0,0.0,0.0,0.0,0.0,0.16584388,1.00200555,2.71135452,8.09472385,4.63051527,1.50107991,1.34912064,0.51295896,0.03239741,0.0,0.0,0.0
710784375,0.0,0.0,0.0,0.68675136,8.25263158,7.69945554,3.02431942,0.33684211,0.0,0.0,0.0,0.0,0.0,0.0,0.0,0.0,0.0,0.0,0.0,0.0
710920450,0.0,0.0,0.0,0.0,0.0,0.0,0.0,0.0,0.39013196,0.61388411,1.43430866,8.65748709,8.90418818,0.0,0.0,0.0,0.0,0.0,0.0,0.0
711212623,0.0,0.0,0.0,0.0,0.0,0.0,0.0,0.0,0.0,0.0,0.03371598,0.12523079,0.12362527,0.17981858,0.72409087,1.45299831,6.97439191,7.42875492,2.95737336,0.0
711464852,0.0,0.0,0.0,0.0,0.0,0.0,0.0,0.0,0.0,0.0,0.19077901,0.56703763,1.25066243,3.54795972,6.65341812,6.48251192,1.30763116,0.0,0.0,0.0
711483278,0.0,0.0,0.0,0.0,0.0,0.0,0.0,0.0,0.0,0.0,0.0,0.0,0.01815277,0.53950044,5.01815277,6.78913738,4.29930293,2.60673831,0.65422597,0.07478943
711528753,0.0,0.0,0.0,0.0,0.0,0.0,0.0,0.0,0.0,0.0,0.0,0.0,0.0,0.029036,0.36682153,1.4614789,4.39121177,7.34901278,6.17015099,0.23228804
711571947,0.0,0.0,0.0,0.0,0.0,0.0,0.0,0.0,0.0,0.0,0.0,0.0,0.0,0.23764853,0.99228685,3.32291015,7.94246404,5.69731082,1.58015426,0.22722535
711770582,0.0,0.0,0.0,0.05726013,8.96754415,6.80888799,3.199473,0.7185386,0.17938129,0.0567534,0.01216144,0.0,0.0,0.0,0.0,0.0,0.0,0.0,0.0,0.0
711903629,0.0,0.0,0.0,0.0,0.0,0.0,0.00150549506,2.39323531,2.10970041,0.739198073,0.387915893,0.400461685,6.07517439,6.21418176,1.39760124,0.247403021,0.0336227229,0.0,0.0,0.0
713132614,0.0,0.0,0.0,0.0,0.41889319,5.15078926,6.22934709,5.85099195,1.73208034,0.53313679,0.08476138,0.0,0.0,0.0,0.0,0.0,0.0,0.0,0.0,0.0
713442456,0.0,0.0,0.0,0.0,0.75386469,1.11724553,3.91688416,8.71310982,4.5703674,0.8311584,0.09737001,0.0,0.0,0.0,0.0,0.0,0.0,0.0,0.0,0.0
714046701,0.0,0.0,0.0,0.0,0.63457658,7.75244787,9.12474774,2.11675013,0.33485313,0.03662456,0.0,0.0,0.0,0.0,0.0,0.0,0.0,0.0,0.0,0.0
714228701,0.0,0.0,0.0,0.0,0.0,0.0,0.17154437,0.44959706,0.08577219,0.28088034,9.42362977,8.86281163,0.72576464,0.0,0.0,0.0,0.0,0.0,0.0,0.0
714485370,0.0,0.0,0.0,0.0,0.0,0.11702185,3.94760857,4.21278652,1.69305921,0.66777605,3.35820495,2.21160556,1.75532771,1.36990713,0.66670245,0.0,0.0,0.0,0.0,0.0
714601733,0.0,0.0,0.0,0.0,0.0,0.0,0.0,0.0,0.0,0.0,0.0,0.0,0.12619955,0.58761667,3.03141843,7.10398317,7.33403444,1.81674773,0.0,0.0
714755043,0.0,0.0,0.0,0.0,0.0,0.0,0.0,0.0,0.0,0.0,0.0,0.0,0.0,0.27279466,3.92587102,9.4232765,6.37805782,0.0,0.0,0.0
714936352,0.0,0.0,0.0,0.03433744,2.69392852,10.71952552,6.19010457,0.36210395,0.0,0.0,0.0,0.0,0.0,0.0,0.0,0.0,0.0,0.0,0.0,0.0
715159651,0.0,0.0,0.0,0.3048633,1.71304137,5.18590209,7.10863779,4.19549964,1.38236955,0.10968627,0.0,0.0,0.0,0.0,0.0,0.0,0.0,0.0,0.0,0.0
716298521,0.0,0.0,0.0,0.0,2.37059329,6.40756664,3.85296647,4.85038693,1.60619089,0.58297506,0.32932072,0.0,0.0,0.0,0.0,0.0,0.0,0.0,0.0,0.0
716832846,0.0,0.0,0.0,0.0,0.0,0.0,0.0,0.0,0.0,0.0,0.0,0.14745221,0.46584459,5.93332028,7.7405885,3.87942846,1.62458407,0.20878189,0.0,0.0
717637005,0.0,0.18368846,18.61131521,1.20499633,0.0,0.0,0.0,0.0,0.0,0.0,0.0,0.0,0.0,0.0,0.0,0.0,0.0,0.0,0.0,0.0
717675736,0.0,0.0,3.18097395,8.94405436,2.94178935,1.65798414,1.58097395,1.5601359,0.13408834,0.0,0.0,0.0,0.0,0.0,0.0,0.0,0.0,0.0,0.0,0.0
718135969,0.0,0.0,0.0,0.0,0.0,0.0,0.0,0.0,0.0,0.0,0.0,0.0,0.0,0.12956255,0.37893564,0.9292282,4.6099192,6.77486765,6.65923656,0.51825021
718188717,0.0,0.0,0.0,0.0,0.0,0.0,0.0,0.0,0.0,0.0,0.0,0.0,0.0,0.0,0.0,0.06683168,7.19678218,9.83044554,2.90594059,0.0
718195284,0.0,0.0,0.0,0.0,0.0,0.0,0.0,0.0,0.0,0.0,0.10457756,1.33932667,3.5226126,7.44702321,2.79423906,2.59058802,1.50077974,0.70085313,0.0,0.0
718202813,0.0,0.0,0.0,0.0,0.0,0.0,0.0,0.0,0.0,0.0,0.0,0.0,0.0,0.0,1.20060535,8.47822431,5.021019,2.93593408,2.36421725,0.0
718205473,0.0,0.0,0.0,0.0,0.0,0.0,0.0,0.0,0.0,0.0,0.0,0.0,0.0,0.0,0.0,1.08562691,6.46788991,11.79204893,0.65443425,0.0
718237581,0.0,0.0,0.0,0.0,0.0,0.0,0.0,0.0,0.0,0.0,0.0,0.0,0.0,0.0,0.18724474,5.24285265,8.41218976,5.68771599,0.46999686,0.0
718257664,0.0,0.0,0.0,3.347138,12.97589114,3.49652418,0.18044668,0.0,0.0,0.0,0.0,0.0,0.0,0.0,0.0,0.0,0.0,0.0,0.0,0.0
718494231,0.0,0.0,0.0,0.0,0.0,0.0,0.0,0.0,0.0,0.0,0.0,0.0,0.0,1.84579439,15.73208723,2.42211838,0.0,0.0,0.0,0.0
718618263,0.0,0.0,0.0,0.06576906,3.57758888,8.10448595,5.91797481,1.10690575,0.78922876,0.28789477,0.15015201,0.0,0.0,0.0,0.0,0.0,0.0,0.0,0.0,0.0
718636190,0.0,0.0,0.0,0.0,0.0,0.0,0.0,0.0,0.0,0.0,0.0,0.0,0.0,0.0,1.74480989,8.25752274,9.43783532,0.55983205,0.0,0.0
718640845,0.0,0.0,0.0,0.0,0.0,0.0,0.03200999,1.83549986,0.57539915,0.21313971,0.23890385,0.56524964,8.26326268,6.83062029,1.17500098,0.19830581,0.07260803,0.0,0.0,0.0
718643723,0.0,0.0,0.0,0.0,0.0,0.0,0.0,0.0,0.0,0.0,0.0,0.1435038,0.40065492,1.75671771,1.56698449,8.86641626,4.14523741,2.78146971,0.3390157,0.0
718644056,0.0,0.0,0.0,0.0,0.0,0.0,0.0,0.0,0.0,0.51959114,1.0,0.69761499,2.44633731,5.43356048,3.82282794,3.56388416,2.3109029,0.20528109,0.0,0.0
718647510,0.0,0.0,0.0,0.0,0.0,0.0,0.0,0.0,0.0,0.0,0.0,0.0,0.0,0.0,0.19830481,1.91588038,4.39149208,6.77114985,6.14265153,0.58052135
718656998,0.0,0.0,0.0,0.0,0.0,0.0,0.0,0.0,0.0,0.0,0.0,0.0,0.0,1.19729598,6.64436546,9.40413966,2.74444212,0.00975678,0.0,0.0
718872930,0.0,0.0,0.0,0.0,0.0,0.0,0.79990363,1.27454524,0.86977473,2.50090351,11.74316347,2.51295025,0.29875919,0.0,0.0,0.0,0.0,0.0,0.0,0.0
720186469,0.0,0.0,0.0,0.0,0.0,0.0,0.0,0.25923776,0.8357516,0.46430644,0.30953763,0.31727607,5.25827046,5.6645386,5.18475527,1.54381892,0.16250725,0.0,0.0,0.0
720207494,0.0,0.0,0.0,0.0,0.0,0.0,0.0,0.0,0.0,0.0,0.0,0.0,0.0,0.0,0.1148294,6.06299213,10.62335958,2.68372703,0.51509186,0.0
720318238,0.0,0.0,0.0,0.0,0.0,0.7973575,2.54263328,0.38715625,0.2688585,0.6852051,8.4774927,5.48932248,1.09079736,0.26117683,0.0,0.0,0.0,0.0,0.0,0.0
720678722,0.0,0.0,0.0,0.0,0.0,0.0,0.0,0.0,0.0,0.0,0.01345352,0.34844612,1.27001211,1.57540697,1.2646307,4.03874613,8.68424593,2.61939997,0.18565855,0.0
722795299,0.0,0.0,0.0,0.0,0.0,0.0,0.0,0.0,0.0,0.10633747,0.14667237,0.62946892,2.03019006,2.64132494,1.32249587,4.34394671,5.72144472,2.81488725,0.24323168,0.0
722821387,0.0,0.0,0.0,0.0,4.65718738,8.35605765,6.41410206,0.5726529,0.0,0.0,0.0,0.0,0.0,0.0,0.0,0.0,0.0,0.0,0.0,0.0
728756295,0.0,0.0,0.0,0.0,0.0,0.0,0.01211938,1.96939858,1.20284805,2.0815028,10.02575367,3.50552947,0.55446145,0.58173004,0.06665657,0.0,0.0,0.0,0.0,0.0
729135271,0.0,0.0,0.0,0.0,0.0,0.0,0.87539324,3.75598413,2.05808599,1.81735285,1.85929877,4.75356768,3.30460949,1.04135321,0.4468153,0.08753932,0.0,0.0,0.0,0.0
730744363,0.0,0.0,0.0,0.0,0.0,0.0,0.0,0.0,0.0,0.0,0.0,0.0,0.0,0.32243326,3.86919914,10.66901638,4.68637817,0.45297304,0.0,0.0
730796336,0.0,0.0,0.05884516,2.25818316,6.57594704,8.50312615,2.01544686,0.58845164,0.0,0.0,0.0,0.0,0.0,0.0,0.0,0.0,0.0,0.0,0.0,0.0
731651186,0.0,0.0,0.0,0.0,0.0,0.0,0.06765464,1.26610825,1.18878866,0.75064433,0.6507732,2.34858247,5.85051546,3.68234536,1.64626289,1.00193299,0.6507732,0.89561856,0.0,0.0
731683221,0.0,0.0,0.0,0.0,0.0,0.0,0.05213457,1.14499311,1.14991147,0.77906748,0.63151682,1.68011017,7.5663978,6.36730277,0.62856581,0.0,0.0,0.0,0.0,0.0
731733715,0.0,0.0,0.0,0.0,0.0,0.59430458,0.61906727,0.97399917,0.73875361,5.22080066,9.20346678,2.63722658,0.01238135,0.0,0.0,0.0,0.0,0.0,0.0,0.0
731765828,0.0,0.0,0.0,0.0,0.0,0.52793347,0.64183692,0.16452721,0.14825529,0.14825529,0.19707105,7.34225276,7.19761345,1.97432652,0.83890797,0.66353282,0.15548725,0.0,0.0,0.0
731882356,0.0,0.29030165,12.13428479,5.05676289,0.80116769,1.2244567,0.42166721,0.07135907,0.0,0.0,0.0,0.0,0.0,0.0,0.0,0.0,0.0,0.0,0.0,0.0
731917470,0.0,0.0,2.65799519,5.28205853,2.94358829,3.93326735,3.82864414,1.23851265,0.11593383,0.0,0.0,0.0,0.0,0.0,0.0,0.0,0.0,0.0,0.0,0.0
736884821,0.0,0.0,0.0,1.29823095,1.09764591,1.69661513,2.74411478,3.39880206,6.51622789,2.0949993,1.15336398,0.0,0.0,0.0,0.0,0.0,0.0,0.0,0.0,0.0
738041476,0.0,0.0,0.03356268,2.22520557,6.60513509,5.78620574,2.89310287,1.96341668,0.49337137,0.0,0.0,0.0,0.0,0.0,0.0,0.0,0.0,0.0,0.0,0.0
738043822,0.0,0.0,0.2304578,6.11024603,3.2949237,6.89504827,2.10526316,1.35160386,0.01245718,0.0,0.0,0.0,0.0,0.0,0.0,0.0,0.0,0.0,0.0,0.0
738401019,0.0,1.56048451,4.11514866,5.22573541,3.67154318,2.61444077,1.19553248,1.38744691,0.22966808,0.0,0.0,0.0,0.0,0.0,0.0,0.0,0.0,0.0,0.0,0.0
738859085,0.0,0.0,0.0,0.0,5.399206,7.51213057,3.52889281,1.55712395,2.00264667,0.0,0.0,0.0,0.0,0.0,0.0,0.0,0.0,0.0,0.0,0.0
739539292,0.0,0.0,0.0,0.0,0.0,1.67478456,3.01236418,0.689396778,0.565754964,0.458973398,0.496440614,3.58186587,8.35144249,1.1614837,0.00749344324,0.0,0.0,0.0,0.0,0.0
739547189,0.0,0.0,0.0,0.0,0.0,2.67392619,7.12240371,8.02177858,2.18189151,0.0,0.0,0.0,0.0,0.0,0.0,0.0,0.0,0.0,0.0,0.0
739558698,0.0,0.0,0.0,0.0,0.0,2.31964484,5.88605253,1.98668147,0.72881983,1.55012949,1.86829449,5.31261561,0.34776175,0.0,0.0,0.0,0.0,0.0,0.0,0.0
739570508,0.0,0.0,0.0,0.0919286634,3.43445486,6.05993749,4.16252988,3.67346939,1.9672734,0.290494576,0.316234602,0.00367714653,0.0,0.0,0.0,0.0,0.0,0.0,0.0,0.0
739792780,0.0,0.0,0.0,0.0,0.0,1.25344212,0.81387047,1.24936257,2.52320245,3.46557879,6.80061193,2.53340133,0.70780214,0.63844977,0.01427843,0.0,0.0,0.0,0.0,0.0
739810705,0.0,0.0,0.0,0.0,0.0,0.0,0.0,0.0,0.0,0.0,0.0,0.0,0.0,0.09963432,3.95569453,9.39424453,4.76071864,1.78970799,0.0,0.0
740094065,0.0,0.0,0.0,0.0,0.0,0.0,0.0,0.0,0.0,0.0,0.0,0.0,0.0,0.01595805,5.45993389,9.79368517,3.91200274,0.81842015,0.0,0.0
740110275,0.0,0.0,0.0,0.0,0.0,0.0,0.0,0.0,0.03277122,0.10377552,0.11196832,0.11879566,0.1966273,1.35727453,1.15381989,3.3563187,5.32259166,4.93479893,2.47559227,0.83566601
740134630,0.0,0.0,0.0,0.0,0.0,0.0,0.0,0.37833935,1.71841155,0.99638989,1.2433213,1.17689531,3.29386282,6.00144404,4.5631769,0.58628159,0.04187726,0.0,0.0,0.0
740135032,0.0,0.0,0.0,0.0,0.15673237,5.09047732,2.83353123,3.16504393,2.56376158,1.37639516,3.0035621,1.64236523,0.16813109,0.0,0.0,0.0,0.0,0.0,0.0,0.0
740155221,0.0,0.0,0.0,0.0,0.59254855,6.35850178,3.55330955,2.38505747,1.41200951,1.40903686,3.18866429,0.8412604,0.25961157,0.0,0.0,0.0,0.0,0.0,0.0,0.0
740164794,0.0,0.0,0.0,0.0,0.0,0.0,0.14312461,3.76201373,7.67547327,4.0166424,1.60016642,0.74807572,1.2381943,0.62825047,0.18805908,0.0,0.0,0.0,0.0,0.0
740380531,0.0,0.0,0.0,0.9666177,7.8470002,6.34580489,2.65330223,0.59103085,0.62789827,0.43492036,0.21313978,0.17281604,0.10138541,0.04608428,0.0,0.0,0.0,0.0,0.0,0.0
740649731,0.0,0.0,0.0,0.0,0.0,0.0,0.0,0.0,0.0,0.2957701,1.62608976,3.32579916,4.76202777,7.37229577,1.99418792,0.62382951,0.0,0.0,0.0,0.0
740660643,0.0,0.0,0.0,0.0,0.0,0.0,0.0,0.0,0.01049668,0.85213989,1.62126056,1.32449067,3.59940837,6.76463572,4.18149721,1.49052913,0.15554177,0.0,0.0,0.0
740675145,0.0,0.0,0.0,0.0,0.0,0.0,0.0,0.0102858,0.21747116,0.29975755,0.36588054,1.13437661,6.81801484,7.09720079,3.10190287,0.62302549,0.33208434,0.0,0.0,0.0
740695122,0.0,0.0,0.0,0.0,0.0,0.0,0.0,0.0,0.06354249,0.53852264,0.60365369,0.96584591,3.6076251,6.97378872,5.45353455,1.31374106,0.37013503,0.1096108,0.0,0.0
740732467,0.0,0.0,0.0,0.0,0.0,0.0,0.92355343,2.94453048,1.0615233,1.24243277,2.2314515,6.55920034,4.00605378,0.70533577,0.28368295,0.04223568,0.0,0.0,0.0,0.0
740780456,0.0,0.0,0.0,0.0,1.19394519,3.70803644,0.72600943,1.97029317,4.42270197,6.20794782,1.36268567,0.32117409,0.08720621,0.0,0.0,0.0,0.0,0.0,0.0,0.0
740819727,0.0,0.0,0.0,0.0,0.0,0.0,0.0,0.07842738,0.40028519,0.5286209,0.653901,1.80077409,3.10246486,2.44448971,4.71582807,4.85638623,0.96149929,0.36565492,0.09166836,0.0
740872967,0.0,0.0,0.0,0.0,0.0,0.56866953,4.19527897,4.5292382,2.79104077,2.68508584,1.50482833,1.94742489,1.14538627,0.2347103,0.25751073,0.14082618,0.0,0.0,0.0,0.0
740875222,0.0,0.0,0.0,0.0,0.0,0.0,0.0,0.0,0.05605676,0.53954629,1.04931243,5.61968994,8.22632916,2.95524218,1.49951826,0.05430498,0.0,0.0,0.0,0.0
740890186,0.0,0.0,0.0,0.0808676,4.18004012,8.52620361,3.22342026,0.52156469,0.50150451,1.19295386,1.20862588,0.32785858,0.14669007,0.09027081,0.0,0.0,0.0,0.0,0.0,0.0
741187985,0.0,0.0,0.0,0.0,0.0,0.38192744,5.80191409,9.39416871,2.62452704,1.51702649,0.28043623,0.0,0.0,0.0,0.0,0.0,0.0,0.0,0.0,0.0
741313892,0.0,0.0,0.0,0.0,0.0,0.0,0.68715256,0.98517603,1.21525633,5.71726374,8.32921557,2.16337245,0.66939469,0.21927116,0.01389747,0.0,0.0,0.0,0.0,0.0
741785767,0.0,0.0,0.0,0.0,0.0,0.0,2.71267405,3.05518854,1.44933428,1.14340888,2.72588678,7.28326049,1.23793068,0.39231629,0.0,0.0,0.0,0.0,0.0,0.0
741788179,0.0,0.0,0.0,0.01512511,1.67888732,8.58909019,6.67148917,1.90510637,0.51491139,0.28343143,0.13546839,0.1505935,0.05589715,0.0,0.0,0.0,0.0,0.0,0.0,0.0
741796557,0.0,0.0,0.0,0.0,0.0,0.0,0.0,0.73103941,0.65007739,1.45493511,1.16680557,1.87641386,8.84152875,3.90522681,1.37397309,0.0,0.0,0.0,0.0,0.0
741940660,0.0,0.0,0.0,0.0,0.0,0.0,0.0,0.00252796562,0.45882576,2.55450926,2.95898376,3.42539341,3.01080705,4.95102067,2.34468811,0.293244012,0.0,0.0,0.0,0.0
742009621,0.0,0.0,0.0,0.0,0.0,0.0,0.0,0.07475238,1.49691646,2.11175481,3.09661745,1.16426836,0.22799477,0.32891048,1.1923005,6.08484395,2.86301626,1.16987479,0.18874977,0.0
742033571,0.0,0.0,1.35421765,3.06085822,3.28601729,5.41360744,1.81106216,1.33790178,1.69032469,1.01158427,0.91368902,0.12073748,0.0,0.0,0.0,0.0,0.0,0.0,0.0,0.0
742784488,0.0,0.0,0.0,0.0,0.0,0.0,1.17058946,7.72755676,3.41595501,3.74921891,3.93667986,0.0,0.0,0.0,0.0,0.0,0.0,0.0,0.0,0.0
743001170,0.0,0.0,0.0,0.0,0.0,0.0,0.0,0.0,0.42964554,0.88936627,1.46079484,2.23845328,3.62620838,5.28464017,5.28464017,0.78625134,0.0,0.0,0.0,0.0
743012953,0.0,0.0,0.0,0.0,0.0,0.0,0.0,0.0,0.18131102,0.08904624,0.08368201,0.08904624,0.46025105,6.46068018,5.22368845,3.1284197,1.91717627,1.49018346,0.8765154,0.0
743041228,0.0,0.0,0.0,0.0,0.0,0.0,0.0,0.0,0.0,0.0,0.0,0.0,0.0,0.0,0.30926264,0.76477757,6.1654479,7.54570384,3.14442413,2.07038391
743049614,0.0,0.0,0.0,0.0,0.0,0.0,0.0,0.0,0.0,0.0,0.0,0.0,0.0,0.0,0.0,0.0,0.0,0.0,1.0787717,18.9212283
743458377,0.0,0.0244025,2.95844398,7.08390153,4.43838369,4.46709251,0.81102419,0.13780234,0.07894926,0.0,0.0,0.0,0.0,0.0,0.0,0.0,0.0,0.0,0.0,0.0
743468218,0.0,0.0,8.45408399,4.53853253,3.29718505,1.27365021,0.408398708,0.249192432,0.740655284,0.491462852,0.223811721,0.320719889,0.00230733733,0.0,0.0,0.0,0.0,0.0,0.0,0.0
743504177,0.0,0.0,8.61766889,7.28730512,1.57089829,0.75723831,0.64439495,0.78990349,0.33259094,0.0,0.0,0.0,0.0,0.0,0.0,0.0,0.0,0.0,0.0,0.0
744053590,0.0,0.0,0.0,0.0,0.4212766,4.60851064,5.23829787,7.07659574,2.65531915,0.0,0.0,0.0,0.0,0.0,0.0,0.0,0.0,0.0,0.0,0.0
744211669,0.0,0.0,0.0,0.0,0.38106236,3.16397229,6.426097,2.58083141,6.47517321,0.97286374,0.0,0.0,0.0,0.0,0.0,0.0,0.0,0.0,0.0,0.0
744454952,0.0,0.0,0.0,0.0,0.10344481,5.47253189,9.8754645,2.00261123,2.25670383,0.28924375,0.0,0.0,0.0,0.0,0.0,0.0,0.0,0.0,0.0,0.0
744476851,0.0,0.0,0.0,0.0,0.0,0.0,0.12227317,0.6780603,0.7947756,2.38154787,2.12310685,1.12546895,4.66305405,6.2720578,1.58399333,0.25566208,0.0,0.0,0.0,0.0
744975652,0.0,0.0,0.0,0.0,1.33243607,7.01211306,6.72409152,3.42126514,0.91520861,0.56258412,0.03230148,0.0,0.0,0.0,0.0,0.0,0.0,0.0,0.0,0.0
745584401,0.0,0.0,0.0,0.0,0.19175655,1.15887656,2.09681622,8.11838883,5.57969882,2.33025898,0.45125319,0.07295086,0.0,0.0,0.0,0.0,0.0,0.0,0.0,0.0
745633800,0.0,0.0,0.0,0.0,0.0,0.11133241,3.96711097,3.94872581,2.43092794,0.98973495,0.65471631,1.26142689,2.44829171,2.89770696,0.75277054,0.43103008,0.10622542,0.0,0.0,0.0
745692039,0.0,0.0,0.0,0.0,0.0,2.17295806,6.46575063,1.99315523,1.75614241,1.0379527,2.67763192,2.5294989,0.65689329,0.439291,0.21453747,0.05618838,0.0,0.0,0.0,0.0
745736817,0.0,0.0,0.0,0.01923661,0.5426749,4.77979143,5.61911512,3.22263845,4.3525362,1.17039587,0.29361142,0.0,0.0,0.0,0.0,0.0,0.0,0.0,0.0,0.0
746086313,13.93691307,6.06308693,0.0,0.0,0.0,0.0,0.0,0.0,0.0,0.0,0.0,0.0,0.0,0.0,0.0,0.0,0.0,0.0,0.0,0.0
746200101,0.0,0.24280431,11.80575655,6.17141019,0.32320309,0.24923621,0.25727609,0.37305033,0.29908345,0.27817977,0.0,0.0,0.0,0.0,0.0,0.0,0.0,0.0,0.0,0.0
746257405,0.0,0.0,0.0,0.0,0.0,0.0,0.45701007,2.70139427,4.14601084,2.51549187,1.79318358,3.84198296,2.80015492,0.86948102,0.6506584,0.2091402,0.01549187,0.0,0.0,0.0
746732672,0.0,0.0,0.0,0.0,0.0,3.94751854,7.55504849,0.29207074,0.27381631,0.40387906,5.49229892,1.76839703,0.21448945,0.05248146,0.0,0.0,0.0,0.0,0.0,0.0
746747868,0.0,0.0,0.0,0.0,0.0,0.0,0.0,0.2147016,2.05967977,1.33551674,3.62445415,4.87263464,5.93158661,1.96142649,0.0,0.0,0.0,0.0,0.0,0.0
746754997,0.0,0.0,0.0,0.0,0.0,0.54963718,5.32962791,4.67397458,1.91137872,1.00252174,3.20518759,2.53203644,0.73593742,0.05969842,0.0,0.0,0.0,0.0,0.0,0.0
746917764,0.0,0.0,0.0,0.0,0.0,0.0,0.0,0.0,0.24810708,1.60762574,0.26027582,0.27109248,0.50297458,5.11627907,3.50932937,3.82977285,2.32355327,1.59072472,0.63615468,0.10411033
746924803,0.0,0.0,0.0,0.0,0.0,0.01002406,1.99211441,2.94707298,5.39026998,8.94546913,0.6662657,0.04878375,0.0,0.0,0.0,0.0,0.0,0.0,0.0,0.0
747028632,0.0,0.0,0.0,0.0,0.0,0.64976228,1.09576636,1.08897442,0.52071542,0.70636178,3.68575957,6.9775866,3.78537469,1.46705909,0.0226398,0.0,0.0,0.0,0.0,0.0
750472605,0.0,0.0,0.0,0.0,0.0,0.0,0.60083449,1.0945758,2.00417246,3.07510431,1.99860918,2.85535466,6.22531293,1.74408901,0.40194715,0.0,0.0,0.0,0.0,0.0
750706642,0.0,0.0,0.0,0.0,0.0,0.0,0.0,0.0,0.15764582,0.55176038,0.21019443,0.35733053,7.07041513,6.46610615,3.16342617,1.16657909,0.8565423,0.0,0.0,0.0
750776506,0.0,0.0,0.0,0.0,0.0,0.0,0.0,0.05707297,0.50686235,0.71884767,2.9841011,4.82946052,3.92036962,1.82905286,3.29936133,1.67957603,0.17529556,0.0,0.0,0.0
750824726,0.0,0.0,0.0,0.0,0.0,0.0,0.0,0.0,0.0,0.0,0.0,0.0,0.0,1.75453048,7.05930807,7.35172982,1.00082372,0.36243822,1.11202636,1.35914333
750833190,0.0,0.0,0.0,0.0,0.0,0.0,0.0,0.0,0.09435786,0.14927105,0.31633087,0.63730229,1.23515991,0.90722766,1.27769829,6.134808,6.41942844,1.7185506,0.74248811,0.36737693
751199266,0.0,0.0,0.0,0.0,0.0,0.0,2.13330692,4.38149946,3.04446865,1.34198277,0.79429534,0.67148658,3.73279192,3.31484599,0.50609092,0.07923145,0.0,0.0,0.0,0.0
751947558,0.0,0.0,0.0,0.0,0.0,0.0,0.0308902,3.03847234,3.79809042,4.54085931,1.53468127,1.17803988,1.09941028,1.61050267,1.95029486,0.76523448,0.45352429,0.0,0.0,0.0
751991773,0.0,0.0,0.0,0.0,0.0,0.0,0.0,0.0,0.0,0.19149379,0.3413585,0.64247554,6.57600777,3.67168528,4.63748005,3.13050718,0.70769444,0.10129744,0.0,0.0
752027250,0.0,0.0,0.0,0.0,0.0,0.0,0.34423408,0.68846816,2.9113858,5.37735357,8.51822876,1.75663694,0.33171648,0.07197622,0.0,0.0,0.0,0.0,0.0,0.0
752042986,0.0,0.0,0.0,0.0,0.0,1.3742042,8.96675312,0.88658335,0.0754539,0.14147607,2.9568498,5.03183212,0.51591606,0.05093138,0.0,0.0,0.0,0.0,0.0,0.0
752063316,0.0,0.0,0.28939218,12.10994967,6.34049555,0.6213705,0.30874952,0.12098335,0.07742935,0.13162989,0.0,0.0,0.0,0.0,0.0,0.0,0.0,0.0,0.0,0.0
754508194,0.0,0.0,0.0,0.0,0.0,0.0,0.0,0.0,0.0,0.0,0.0,0.0,0.0,0.0,0.22343466,5.27539621,10.24551832,4.13354118,0.12210964,0.0
755552030,0.0,0.0,0.0,0.0,0.0,5.42074364,13.25048924,1.32876712,0.0,0.0,0.0,0.0,0.0,0.0,0.0,0.0,0.0,0.0,0.0,0.0
755592855,0.0,0.0,0.0,0.0,0.0308438,5.3447896,11.42322097,2.08856576,0.67195417,0.44062569,0.0,0.0,0.0,0.0,0.0,0.0,0.0,0.0,0.0,0.0
755625739,0.0,0.0,0.0,0.0,0.0,0.0,0.0,0.0069152308,1.12026739,0.960064542,0.376880078,1.99158647,10.5411168,4.94900017,0.0541693079,0.0,0.0,0.0,0.0,0.0
755625849,0.0,0.0,0.0,0.0,0.0,0.28085735,2.88001971,8.6794777,3.90243902,2.34540527,1.55703375,0.25375708,0.1010101,0.0,0.0,0.0,0.0,0.0,0.0,0.0
758263126,0.0,0.0,0.0,0.0,0.0,0.17022055,2.38125744,7.07421982,7.80818157,1.20618651,0.90601263,0.45392148,0.0,0.0,0.0,0.0,0.0,0.0,0.0,0.0
759751429,0.0,0.0,0.01080497,2.17900234,2.02233027,2.83270304,3.95101747,4.3399964,2.63101026,1.37943454,0.5708626,0.08283811,0.0,0.0,0.0,0.0,0.0,0.0,0.0,0.0
759909292,0.0,0.0,0.0,0.0,3.61825881,6.04997441,0.567679494,0.168442604,1.98315574,5.8182495,1.5904332,0.198222512,0.00558373273,0.0,0.0,0.0,0.0,0.0,0.0,0.0
759939473,0.0,0.0,0.0,0.0,0.0,0.0,0.0,0.0,0.0,0.0,0.26362824,1.67113494,6.14834674,4.57551385,5.15638963,2.12689902,0.05808758,0.0,0.0,0.0
759948010,0.0,0.0,0.0,0.0,0.0,0.0,0.0,0.0,0.0,0.0,0.0,0.0,0.10005607,1.55863199,1.54310605,2.29956441,3.97895372,4.37227757,3.62185708,2.52555311
759955697,0.0,0.0,0.0,0.0,0.0,0.0,0.70395261,0.93860349,0.20959107,0.32577742,1.0889623,4.34445837,5.81615218,4.49026085,1.62433079,0.45791092,0.0,0.0,0.0,0.0
759970262,0.0,0.0,0.0,0.0,1.62162162,4.8764184,6.17701671,3.85640602,1.95914999,0.99773055,0.48277285,0.02888385,0.0,0.0,0.0,0.0,0.0,0.0,0.0,0.0
760011270,0.0,0.0,0.0,0.0,0.0,2.16982836,3.70189702,1.86449864,0.30352304,0.166215,1.30623306,5.34056007,3.85365854,1.28093948,0.01264679,0.0,0.0,0.0,0.0,0.0
760064682,0.0,0.0,0.0,0.0,0.0,0.0,0.0,0.0,0.0,0.0,0.0,0.0,0.0,0.10622246,4.33339369,10.60051904,4.81501599,0.14484881,0.0,0.0
760268259,0.0,0.0,0.0,0.0,0.0,1.59171342,1.14803625,1.62019853,3.62106172,9.5174795,2.22960725,0.10876133,0.08372896,0.07941303,0.0,0.0,0.0,0.0,0.0,0.0
760280955,0.0,0.0,0.46104515,6.26917411,9.23303579,2.51321605,0.67596845,0.40038132,0.34491724,0.10226189,0.0,0.0,0.0,0.0,0.0,0.0,0.0,0.0,0.0,0.0
760294832,0.0,0.0,0.0,0.0,0.0,0.0,0.0,3.61991891,1.30990747,1.81307828,1.28287764,1.17267907,1.93991059,3.26229338,4.90071733,0.59257719,0.10604013,0.0,0.0,0.0
760316107,0.0,0.0,2.16950262,10.16361257,5.34685864,1.06348168,0.43193717,0.27159686,0.55301047,0.0,0.0,0.0,0.0,0.0,0.0,0.0,0.0,0.0,0.0,0.0
760416458,0.0,0.0,0.0,0.0,0.0,0.0,0.0,0.0,1.70863309,2.73830935,1.07913669,0.89028777,2.50899281,6.59172662,3.96582734,0.51708633,0.0,0.0,0.0,0.0
760437219,0.0,0.0,0.0,1.69099526,3.94691943,6.6464455,3.33270142,2.46066351,1.58862559,0.33364929,0.0,0.0,0.0,0.0,0.0,0.0,0.0,0.0,0.0,0.0
760821319,0.0,0.0,0.0,0.0,0.0,0.0,0.0,0.0,0.20260936,0.24865695,0.24558711,0.23637759,0.62317728,1.90943975,6.28702993,7.09746738,1.72217959,1.42747506,0.0,0.0
760832993,0.0,0.0,0.0,0.0,0.0,0.0,0.0,0.0,0.0,0.16342582,0.52436094,0.71050907,0.88005244,1.58357002,0.74983614,3.95105965,6.96351322,4.0952589,0.37841381,0.0
760834631,0.0,0.0,0.0,0.41674524,2.05732604,6.37752216,8.38770507,2.74184424,0.01885725,0.0,0.0,0.0,0.0,0.0,0.0,0.0,0.0,0.0,0.0,0.0
760890074,0.0,0.0,0.0,0.7194376,5.01415137,9.98813111,3.24112115,0.49849356,0.27937551,0.25928969,0.0,0.0,0.0,0.0,0.0,0.0,0.0,0.0,0.0,0.0
760961855,0.0,0.0,0.0,0.49770039,2.96484888,2.87779238,8.56438896,4.43495401,0.46320631,0.09773325,0.07145204,0.02792378,0.0,0.0,0.0,0.0,0.0,0.0,0.0,0.0
760981484,0.0,0.0,0.0,0.0,0.0,0.59921013,0.70271006,0.92673294,4.35653003,5.6543647,0.46643061,1.20999591,3.80157974,1.86231785,0.35407871,0.0660493,0.0,0.0,0.0,0.0
761297232,0.0,0.0,0.0,0.0,0.0,0.0,0.0,0.04622941,0.71077723,7.64518925,7.15978041,4.43802369,0.0,0.0,0.0,0.0,0.0,0.0,0.0,0.0
761304075,0.0,0.0,0.0,0.0,0.01274372,1.02204664,3.36944055,6.50439658,4.45265707,2.84949662,1.29731107,0.49190774,0.0,0.0,0.0,0.0,0.0,0.0,0.0,0.0
761344650,0.0,0.0,0.0,0.0,0.16821801,0.27587754,3.31725917,8.92228328,5.15644275,2.15991926,0.0,0.0,0.0,0.0,0.0,0.0,0.0,0.0,0.0,0.0
761409397,0.0,0.0,2.79788532,14.9827166,2.21431476,0.00508336722,0.0,0.0,0.0,0.0,0.0,0.0,0.0,0.0,0.0,0.0,0.0,0.0,0.0,0.0
761429710,0.0,0.0,1.29315322,12.28803448,5.47511835,0.55266905,0.14163107,0.07081553,0.1085325,0.0700458,0.0,0.0,0.0,0.0,0.0,0.0,0.0,0.0,0.0,0.0
761820827,0.0,0.0,0.0,0.0,0.0,0.0,0.0,0.0,0.0,0.60222824,8.72026498,7.38030714,2.98404095,0.31315869,0.0,0.0,0.0,0.0,0.0,0.0
761822060,0.0,3.28993331,7.75484281,4.02032391,2.38488409,1.65449349,0.80660527,0.08891712,0.0,0.0,0.0,0.0,0.0,0.0,0.0,0.0,0.0,0.0,0.0,0.0
762590075,0.0,0.121706,10.43285004,8.24531696,0.58207218,0.08995661,0.13440576,0.39369245,0.0,0.0,0.0,0.0,0.0,0.0,0.0,0.0,0.0,0.0,0.0,0.0
762757594,0.0,0.0,0.0,0.0,0.04417627,6.42495421,6.62967353,5.1675466,1.70886758,0.02478181,0.0,0.0,0.0,0.0,0.0,0.0,0.0,0.0,0.0,0.0
763378303,0.0,0.0,0.0,0.0,0.0,0.0,0.0,0.09711624,3.80140719,8.59379645,5.54949955,1.73421861,0.22396195,0.0,0.0,0.0,0.0,0.0,0.0,0.0
763912380,0.0,0.0,0.0,0.0,0.0,0.0,0.0,0.0,0.0,0.0,0.0,0.117024241,0.344106994,0.760657565,4.51797158,8.25856785,5.15045974,0.844246308,0.00696572862,0.0
763952780,0.0,0.03118254,1.91172943,4.06332454,5.39937635,2.40585272,1.22091629,1.30007196,2.2187575,1.21132166,0.23746702,0.0,0.0,0.0,0.0,0.0,0.0,0.0,0.0,0.0
764341238,0.0,14.67434329,5.32565671,0.0,0.0,0.0,0.0,0.0,0.0,0.0,0.0,0.0,0.0,0.0,0.0,0.0,0.0,0.0,0.0,0.0
764391439,0.0,19.78898502,0.21101498,0.0,0.0,0.0,0.0,0.0,0.0,0.0,0.0,0.0,0.0,0.0,0.0,0.0,0.0,0.0,0.0,0.0
764726542,0.0,0.0,0.0,0.0,0.0,0.03555961,1.08320036,0.52518806,2.76909049,8.22521085,4.63733759,1.43332574,1.04217005,0.20606337,0.04285389,0.0,0.0,0.0,0.0,0.0
764872932,0.0,0.0,0.0,0.12443535,9.96676042,5.00468763,2.26710986,0.51478735,0.47899088,1.01508566,0.60939231,0.01875053,0.0,0.0,0.0,0.0,0.0,0.0,0.0,0.0
764879591,0.0,0.0,0.0,0.13757524,6.83454121,11.03795603,1.8818327,0.10809483,0.0,0.0,0.0,0.0,0.0,0.0,0.0,0.0,0.0,0.0,0.0,0.0
764896381,2.21315933,13.8444807,3.47879282,0.24741707,0.11555193,0.10059815,0.0,0.0,0.0,0.0,0.0,0.0,0.0,0.0,0.0,0.0,0.0,0.0,0.0,0.0
764897253,0.0,0.0,0.0,1.0852979,3.89998571,5.12187455,6.04486355,2.7358194,0.62466067,0.33090441,0.1565938,0.0,0.0,0.0,0.0,0.0,0.0,0.0,0.0,0.0
764902677,0.16182093,10.76731573,9.04063306,0.03023028,0.0,0.0,0.0,0.0,0.0,0.0,0.0,0.0,0.0,0.0,0.0,0.0,0.0,0.0,0.0,0.0
764902707,0.0,0.0,0.0,2.40135247,9.71116147,4.72572929,1.54310996,1.61145283,0.00719398583,0.0,0.0,0.0,0.0,0.0,0.0,0.0,0.0,0.0,0.0,0.0
766097293,0.0,0.0,0.0,0.0,0.0,0.0,0.0,0.0,0.0,0.06668232,4.19910777,10.99131251,4.28833059,0.36910073,0.08546607,0.0,0.0,0.0,0.0,0.0
766591236,0.0,0.0,0.0,0.0,0.0,0.0,0.0,1.86703601,1.09695291,0.57617729,0.68698061,2.49861496,9.84487535,3.11357341,0.31578947,0.0,0.0,0.0,0.0,0.0
768763533,0.0,0.0,0.0,0.0,0.0,0.0,0.0,0.0,0.0,0.0408998,0.56208005,0.73269062,2.35232252,4.92316681,5.24802805,4.65089103,1.113643,0.34823254,0.02804557,0.0
770216620,0.0,0.0,0.0,0.00694337,3.77950933,2.03903719,1.28298102,2.44098133,4.41829965,4.24162938,1.35550069,0.25613331,0.11263694,0.06634779,0.0,0.0,0.0,0.0,0.0,0.0
770238836,0.0,0.0,0.0,0.0,0.0,0.0,1.07265043,2.46729724,1.33226001,1.33628497,1.84745422,6.32722882,5.43570135,0.18112296,0.0,0.0,0.0,0.0,0.0,0.0
778327002,0.0,0.0,0.0,0.0,0.0,0.0,0.2129743,0.98653611,6.37698898,7.29498164,3.0379437,1.26805386,0.82252142,0.0,0.0,0.0,0.0,0.0,0.0,0.0
779708399,0.0,0.0,0.0,0.0,0.0,0.0,0.23212455,0.24237904,0.59382866,4.48867344,6.99356763,3.90416706,2.54404773,1.0012119,0.0,0.0,0.0,0.0,0.0,0.0
780005520,0.0,0.0,0.0,0.0,0.0804353,1.14028862,1.27277029,2.37993849,3.62905134,3.94132955,7.19186184,0.36432458,0.0,0.0,0.0,0.0,0.0,0.0,0.0,0.0
786135798,0.0,0.0,0.0,0.0,0.0,0.0,0.01630617,0.10263297,0.83736991,2.14378207,3.05692773,4.11395137,4.70289195,3.3955206,0.99947245,0.25898038,0.08632679,0.09975541,0.1860822,0.0
786176775,0.0,0.0,0.0,0.0,0.0,0.0,0.0,0.0,0.0,0.0,0.39860015,2.07604247,7.85218578,7.90082449,1.72133579,0.05101133,0.0,0.0,0.0,0.0
786228558,0.0,0.0,0.0,1.30025445,8.34944869,6.89482612,1.28244275,0.83121289,0.59202714,0.55725191,0.19253605,0.0,0.0,0.0,0.0,0.0,0.0,0.0,0.0,0.0
788296224,0.0,0.0,0.0,0.11636963,3.7201631,7.73445732,6.14376689,2.22568379,0.05955926,0.0,0.0,0.0,0.0,0.0,0.0,0.0,0.0,0.0,0.0,0.0
795530674,0.0,0.0,0.0,0.0,0.0,0.0,0.0,0.28800156,0.98994435,0.79957044,0.6228644,0.31924241,1.14224348,2.46216929,4.8569755,3.49311725,2.8185102,2.06872986,0.13863126,0.0
795563325,0.0,0.0,0.0,0.0,2.35636364,8.91972028,4.17678322,2.4179021,0.95664336,0.53706294,0.56951049,0.06601399,0.0,0.0,0.0,0.0,0.0,0.0,0.0,0.0
795572082,0.0,0.0,0.0,0.0,0.0,0.0,0.0,0.0,0.0,0.0,0.0,0.0,0.11558669,0.20315236,1.04203152,1.16462347,7.61471103,6.01050788,3.59894921,0.25043783
795844214,0.0,0.0,0.0,0.0,0.0,0.0,0.0,0.0,0.0,0.0,0.0,0.0,0.17903099,0.19245832,0.61094327,1.62470628,6.2683227,6.97325725,2.4930066,1.65827459
796636728,0.0,0.0,0.0,0.0,0.12135922,1.37135922,8.802589,8.89967638,0.80501618,0.0,0.0,0.0,0.0,0.0,0.0,0.0,0.0,0.0,0.0,0.0
796666943,0.0,0.0,0.0,0.64346997,10.14299333,6.49666349,2.42135367,0.29551954,0.0,0.0,0.0,0.0,0.0,0.0,0.0,0.0,0.0,0.0,0.0,0.0
797664123,0.0,0.0,0.0,0.0,0.28560691,11.2363773,8.47801578,0.0,0.0,0.0,0.0,0.0,0.0,0.0,0.0,0.0,0.0,0.0,0.0,0.0
797722932,0.0,0.0,1.29156736,2.65123142,1.64113041,2.1382363,3.3526274,2.95312677,3.58642606,0.78992169,0.79219158,0.50391556,0.29962547,0.0,0.0,0.0,0.0,0.0,0.0,0.0
799776604,0.0,0.0,0.0,1.76838811,4.73656755,6.22326552,6.51538863,0.75639019,0.0,0.0,0.0,0.0,0.0,0.0,0.0,0.0,0.0,0.0,0.0,0.0
803605276,0.0,0.0,0.0,0.0,0.0,0.0,0.0,0.25019892,0.61444611,0.73114667,0.92829989,0.91150208,1.68066484,2.67880824,4.05622845,5.59455397,2.20316506,0.35098577,0.0,0.0
804968066,0.0,0.0,0.0,0.0,0.43441362,1.82039994,4.32504111,7.99130112,5.06550682,0.32886013,0.03447727,0.0,0.0,0.0,0.0,0.0,0.0,0.0,0.0,0.0
804977071,0.0,0.0,0.0,0.0,1.08601752,1.72528693,3.19634703,3.71961002,0.54054054,1.53029742,3.46785141,2.94952487,1.02184376,0.56275454,0.19992595,0.0,0.0,0.0,0.0,0.0
805584825,0.0,0.0,0.0,0.0,0.68069411,7.14225836,1.43180485,1.60616984,2.23656635,2.06723112,2.6892447,0.63542627,0.49794618,0.38729147,0.47950373,0.14586302,0.0,0.0,0.0,0.0
808285808,0.0,0.0,0.0,0.0,0.0,0.0,0.00561027,0.35718738,0.14711383,0.44695175,0.51053485,0.5884553,1.719237,1.09587333,2.44919586,5.3740182,4.54369779,2.02094502,0.63209076,0.10908864
808475329,0.0,0.0,0.0,0.0,0.0,0.0,0.43411549,2.33374499,5.59709592,7.43984132,2.67430111,1.05160735,0.29938999,0.149695,0.02020882,0.0,0.0,0.0,0.0,0.0
808537562,0.0,0.0,0.0,0.0,0.0,0.02147494,1.29923374,2.21972766,2.68924789,4.18761287,6.27361023,1.76875397,0.92830299,0.45292596,0.15910977,0.0,0.0,0.0,0.0,0.0
808824183,0.0,0.0,0.0,0.0,0.0,0.0,1.15845278,3.85234636,1.13803259,0.90320047,0.73669743,1.29432554,4.78853328,2.86589436,2.1134891,0.98173964,0.16728844,0.0,0.0,0.0
808875776,0.0,0.0,0.0,0.0,0.0,0.3822314,0.37190083,0.4665978,1.14152893,6.01067493,9.68147383,1.35674931,0.5457989,0.04304408,0.0,0.0,0.0,0.0,0.0,0.0
808882292,0.0,0.0,0.0,0.0,0.0,0.0,0.0,0.0,0.05381876,0.35931935,0.60941828,0.4780372,0.29442026,1.14127424,3.86703601,5.75702414,2.67510882,3.73090621,1.03363672,0.0
809006343,0.0,0.0,0.0,0.28145498,3.41164778,6.75730471,3.61757106,0.50168952,0.37050288,0.77598887,2.44802226,1.08447625,0.43649374,0.26316836,0.05167959,0.0,0.0,0.0,0.0,0.0
809113087,0.0,0.0,0.0,0.0,0.0,0.0,0.08873929,2.00224398,1.65544676,1.9624643,1.00367197,3.03447572,7.78049776,2.34904121,0.12341901,0.0,0.0,0.0,0.0,0.0
809338969,0.0,0.0,0.0,0.1589538,2.28098696,4.84375564,5.56555038,4.3603916,1.66756981,0.58523897,0.22398035,0.22253531,0.07875438,0.01228279,0.0,0.0,0.0,0.0,0.0,0.0
809649556,0.0,0.0,1.21084798,13.355233,3.83269672,0.8487395,0.21543163,0.29488159,0.2421696,0.0,0.0,0.0,0.0,0.0,0.0,0.0,0.0,0.0,0.0,0.0
809688289,0.0,0.00631978091,6.50937434,5.69833579,4.10364441,1.5546661,0.653044028,0.570886876,0.50979566,0.351801138,0.0421318728,0.0,0.0,0.0,0.0,0.0,0.0,0.0,0.0,0.0
810317285,0.0,0.0,0.0,0.0,0.0,0.99805993,2.0047424,1.30200474,0.49364087,0.33627937,2.84112955,8.03190343,3.83487821,0.1573615,0.0,0.0,0.0,0.0,0.0,0.0
812996960,0.0,0.0,0.0,0.0,0.0,0.01566454,0.82299072,3.38956501,6.81106157,1.85022292,0.60910953,3.58356428,2.32256898,0.50789252,0.08735992,0.0,0.0,0.0,0.0,0.0
813500978,0.0,0.0,0.0,0.0,0.77069096,10.31890661,6.66666667,2.24373576,0.0,0.0,0.0,0.0,0.0,0.0,0.0,0.0,0.0,0.0,0.0,0.0
816012073,0.0,0.0,0.0,0.0,0.0,0.0,0.0,0.0,0.0,0.0,0.0,0.0,0.15169195,0.68611435,3.89731622,6.6277713,6.63243874,2.00466744,0.0,0.0
816434177,0.0,0.0,0.0,0.0,0.0,0.0,0.0,0.0,0.0,0.09009627,0.33065789,0.80263429,1.66655233,1.95010405,3.09025634,5.29830098,5.56493106,1.1909172,0.01554961,0.0
817935092,0.0,0.0,0.0,0.0,0.0,0.0,0.36824877,1.39525368,1.16612111,0.61647572,1.733497,11.13475177,3.34288052,0.24277141,0.0,0.0,0.0,0.0,0.0,0.0
818792182,0.0,0.0,0.0,0.0,0.0,0.0,0.0,0.0,0.0,0.00550964187,1.25344353,1.3677686,0.287878788,0.633608815,3.15564738,6.17768595,5.74242424,1.37603306,0.0,0.0
820754704,0.0,0.01168725,2.04604776,9.05761814,6.42876622,1.91125482,0.43944057,0.10518524,0.0,0.0,0.0,0.0,0.0,0.0,0.0,0.0,0.0,0.0,0.0,0.0
820897104,0.0,0.0,0.0,0.0,0.0,0.0,0.0,0.0,0.0,0.02779367,3.78320935,9.86838878,4.45516227,1.22782637,0.5068258,0.13079375,0.0,0.0,0.0,0.0
821563005,0.0,0.0,0.0,0.0,0.0,0.0,0.0,0.0,0.0,0.0,0.0,0.0,0.24679526,0.38936145,1.48196957,3.64322511,6.81562238,5.55049718,1.70720019,0.16532886
821771315,0.0,0.0,0.0,0.0,0.0,0.0,3.37773433,1.53000122,0.57069534,0.43260418,0.53647806,1.81840401,6.83490163,3.72235122,1.05706953,0.11976048,0.0,0.0,0.0,0.0
821774757,0.0,0.0,0.0,0.0,0.0,0.0,0.0,2.10689655,4.01724138,1.24482759,0.57931034,0.68965517,4.77931034,4.10344828,2.17931034,0.3,0.0,0.0,0.0,0.0
821788449,0.0,0.0,0.0,0.0,0.0,0.0,0.19215652,1.93117303,0.74504324,0.53803826,0.44370687,1.29618307,7.40064634,6.49838414,0.8909075,0.06376103,0.0,0.0,0.0,0.0
821907565,0.0,0.0,0.0,0.0,0.0,0.0,0.0,0.0,0.15143449,2.29636202,4.04140787,1.67642709,1.08606921,2.88790299,5.73794735,1.76515824,0.33126294,0.0260278,0.0,0.0
823253200,0.0,0.0,5.5,12.22715054,1.99731183,0.27553763,0.0,0.0,0.0,0.0,0.0,0.0,0.0,0.0,0.0,0.0,0.0,0.0,0.0,0.0
823681740,0.0,0.0,0.0,2.7279945,5.94929339,6.08161753,3.72095485,1.49579209,0.02434764,0.0,0.0,0.0,0.0,0.0,0.0,0.0,0.0,0.0,0.0,0.0
823702943,0.0,0.0,0.5209713,11.11846946,7.05960265,1.18469463,0.11626196,0.0,0.0,0.0,0.0,0.0,0.0,0.0,0.0,0.0,0.0,0.0,0.0,0.0
823719680,0.0,19.47603338,0.52396662,0.0,0.0,0.0,0.0,0.0,0.0,0.0,0.0,0.0,0.0,0.0,0.0,0.0,0.0,0.0,0.0,0.0
823830483,0.0,0.0,0.0,0.0,0.0,0.00352878904,1.7044051,4.19690643,7.65511968,5.56490031,0.503440569,0.223489972,0.14820914,0.0,0.0,0.0,0.0,0.0,0.0,0.0
824909637,0.0,0.0,0.0,2.14963619,4.24549193,4.3198355,3.27744385,1.77317305,1.63239481,1.5469788,0.52831382,0.13761468,0.1360329,0.15659601,0.09648845,0.0,0.0,0.0,0.0,0.0
825269133,0.11695906,0.2588694,0.30409357,0.25107212,0.99181287,9.11968811,8.65497076,0.30253411,0.0,0.0,0.0,0.0,0.0,0.0,0.0,0.0,0.0,0.0,0.0,0.0
825522397,0.0,0.0,0.0,0.0,0.46971002,1.86046512,1.0519667,2.55641688,7.07550962,6.76313523,0.22279644,0.0,0.0,0.0,0.0,0.0,0.0,0.0,0.0,0.0
825549510,0.291138,16.12078293,3.47693518,0.1111439,0.0,0.0,0.0,0.0,0.0,0.0,0.0,0.0,0.0,0.0,0.0,0.0,0.0,0.0,0.0,0.0
826712572,0.0,0.05866946,19.94133054,0.0,0.0,0.0,0.0,0.0,0.0,0.0,0.0,0.0,0.0,0.0,0.0,0.0,0.0,0.0,0.0,0.0
827347629,0.0,0.0,1.11928505,3.10609776,7.1135088,6.46504278,1.89090513,0.30516048,0.0,0.0,0.0,0.0,0.0,0.0,0.0,0.0,0.0,0.0,0.0,0.0
827447865,0.0,0.0,0.0,0.0,0.58954434,1.65991755,3.12940061,8.73007187,4.79004779,0.9952209,0.07953012,0.02626683,0.0,0.0,0.0,0.0,0.0,0.0,0.0,0.0
827524052,0.0,0.46055739,5.31412376,12.132735,2.09258385,0.0,0.0,0.0,0.0,0.0,0.0,0.0,0.0,0.0,0.0,0.0,0.0,0.0,0.0,0.0
827573535,0.0,6.51245265,10.43443218,1.53622955,0.82050455,0.65608124,0.04029983,0.0,0.0,0.0,0.0,0.0,0.0,0.0,0.0,0.0,0.0,0.0,0.0,0.0
828803869,0.05266904,10.11814947,7.55302491,2.18220641,0.09395018,0.0,0.0,0.0,0.0,0.0,0.0,0.0,0.0,0.0,0.0,0.0,0.0,0.0,0.0,0.0
829170676,0.0,0.0,0.0,0.0,0.0,0.0,0.0,0.0,0.0,0.0,0.0,0.0,0.02333333,1.52222222,11.10777778,6.80666667,0.54,0.0,0.0,0.0
829185764,0.0,0.0,0.0,0.0,0.0,0.0,0.0,0.0,0.0,2.80552964,5.35493173,4.98006954,2.90560597,3.19735391,0.59706556,0.15944364,0.0,0.0,0.0,0.0
829195312,0.0,0.0,0.0,1.153691,1.74263816,2.35377168,4.38483259,3.44493747,4.57845906,1.27470754,0.7482856,0.31867689,0.0,0.0,0.0,0.0,0.0,0.0,0.0,0.0
830434392,0.0,0.0,0.0,0.0,0.0,0.03807523,1.49281166,2.14271647,1.5243222,1.3864636,3.04733145,4.2066566,3.39394735,1.36151776,1.07267117,0.33348651,0.0,0.0,0.0,0.0
831988252,0.0,0.0,0.0,0.0,0.0,0.05100464,1.7511592,3.59969088,5.46213292,3.8438949,2.95672334,1.70633694,0.62905719,0.0,0.0,0.0,0.0,0.0,0.0,0.0
836844418,0.0,0.0,0.0,0.43790465,2.78281342,6.92642731,6.26486168,3.18304885,0.40494408,0.0,0.0,0.0,0.0,0.0,0.0,0.0,0.0,0.0,0.0,0.0
837594867,0.0,0.0,0.0,0.0,0.0,0.72484257,3.66962258,3.95664653,3.85725914,2.07342672,1.41798398,2.80683717,0.88249154,0.4883691,0.12252067,0.0,0.0,0.0,0.0,0.0
841718359,0.0,0.0,0.0,0.0,1.03450999,2.67077312,4.30071863,4.23754245,4.26755113,1.50675195,0.92395167,0.6238648,0.21006081,0.22427545,0.0,0.0,0.0,0.0,0.0,0.0
841834394,0.0,3.32291293,12.6356788,3.79951827,0.236765233,0.0051247886,0.0,0.0,0.0,0.0,0.0,0.0,0.0,0.0,0.0,0.0,0.0,0.0,0.0,0.0
842841654,0.0,13.17464233,6.23334978,0.49333991,0.09866798,0.0,0.0,0.0,0.0,0.0,0.0,0.0,0.0,0.0,0.0,0.0,0.0,0.0,0.0,0.0
842844583,0.0,0.0,0.0,0.0,0.0,0.0,0.0,0.0,0.62955743,3.99032561,5.62414266,7.11645369,2.3175222,0.32199841,0.0,0.0,0.0,0.0,0.0,0.0
843366621,0.0,0.86533485,13.92402443,4.65169237,0.50926405,0.0496843,0.0,0.0,0.0,0.0,0.0,0.0,0.0,0.0,0.0,0.0,0.0,0.0,0.0,0.0
844757902,0.0,0.0,0.0,0.0,0.0,0.92963202,4.40391651,3.61846352,0.81235206,0.76608565,3.00086077,3.72928771,2.47471487,0.26468689,0.0,0.0,0.0,0.0,0.0,0.0
844870606,0.0,0.0,0.0,0.0,0.0,0.0,0.0,0.89086128,3.10322156,4.27021696,5.30243261,2.97501644,3.27416174,0.18408941,0.0,0.0,0.0,0.0,0.0,0.0
844965212,0.0,0.0,0.0,0.0,0.0,0.0,0.0,0.0,0.0,0.0,0.0,0.0,1.32145239,6.77456507,6.75516761,3.50124265,1.35418561,0.29338668,0.0,0.0
846902552,0.0,0.0,0.0,0.0,0.0,0.0,0.0,0.0,0.0,0.0,0.0,0.49455498,1.42471137,1.87341358,1.1315811,3.46843527,5.61041513,5.36150004,0.63538852,0.0
847083836,0.0,0.0,0.0,0.0,0.0,3.75257732,4.27949599,1.96258114,0.77739595,3.44711722,4.20771287,1.51050019,0.06261932,0.0,0.0,0.0,0.0,0.0,0.0,0.0
849535368,0.0,0.0,0.0,0.0,0.0,0.0,0.0,1.43696492,0.6261541,0.48346483,0.5640423,1.29595434,1.9489676,2.93939903,5.65553131,3.56219574,0.73191204,0.72519725,0.03021655,0.0
849607183,0.0,0.0,0.0,0.0,0.0,0.0,0.0,2.11077467,0.51349987,0.31920262,0.58415342,9.5987888,5.82765582,0.97148625,0.07443856,0.0,0.0,0.0,0.0,0.0
851016910,0.0,0.0,0.0,0.32202809,3.44809866,4.97259335,5.57040082,3.47379239,2.16512504,0.04796163,0.0,0.0,0.0,0.0,0.0,0.0,0.0,0.0,0.0,0.0
853882442,0.0,0.0,0.0,0.0,0.0,0.0,0.0,0.0,0.0,0.0,0.0,0.0,0.0,0.0,0.08153405,0.49675374,5.79797675,8.34667069,5.26045599,0.01660879
855275163,0.0,0.0,9.85221675,10.14778325,0.0,0.0,0.0,0.0,0.0,0.0,0.0,0.0,0.0,0.0,0.0,0.0,0.0,0.0,0.0,0.0
855357345,0.0,0.60106789,9.668955,8.90007628,0.29900839,0.23798627,0.29290618,0.0,0.0,0.0,0.0,0.0,0.0,0.0,0.0,0.0,0.0,0.0,0.0,0.0
855791035,0.0,0.0,0.0,0.0,0.84318537,1.59714477,7.55743921,8.04818202,1.95404863,0.0,0.0,0.0,0.0,0.0,0.0,0.0,0.0,0.0,0.0,0.0
857223181,0.0,0.0,0.0,0.0,0.0,0.0,0.0,0.0,0.0,0.0,0.0,0.0,0.0,0.0,0.14222222,4.80296296,8.70222222,4.65777778,1.56148148,0.13333333
857296784,0.0,0.0,0.0,0.0,0.0359406,3.08710867,5.52161165,4.49257543,2.17156909,3.18925565,1.15766575,0.34427315,0.0,0.0,0.0,0.0,0.0,0.0,0.0,0.0
858255768,0.0,0.0,1.26557852,8.27209134,7.1657152,2.62442711,0.37308032,0.18171585,0.11739165,0.0,0.0,0.0,0.0,0.0,0.0,0.0,0.0,0.0,0.0,0.0
859621160,0.0,0.0,0.0,6.80702185,8.25313037,3.69506506,0.73533022,0.29830592,0.21114658,0.0,0.0,0.0,0.0,0.0,0.0,0.0,0.0,0.0,0.0,0.0
859655391,0.0,0.0,0.0,0.26983567,2.43558066,6.28073891,6.73098796,2.94230694,0.96795701,0.1694317,0.16001883,0.04314233,0.0,0.0,0.0,0.0,0.0,0.0,0.0,0.0
861736319,0.0,0.0,0.0,1.98567042,12.52302968,5.00511771,0.48618219,0.0,0.0,0.0,0.0,0.0,0.0,0.0,0.0,0.0,0.0,0.0,0.0,0.0
861765455,0.0,0.0,0.0,0.0,0.02488917,1.10756786,4.53138368,4.8969433,5.62184024,2.86225403,0.55378393,0.40133779,0.0,0.0,0.0,0.0,0.0,0.0,0.0,0.0
861769605,0.0,0.0,0.0,0.21928732,3.05507102,2.98031398,5.12833292,5.23631531,1.68286403,0.47678379,0.16280422,0.28241548,0.77581194,0.0,0.0,0.0,0.0,0.0,0.0,0.0
862596299,0.0,0.0,0.0,0.0,0.0,0.0,0.0,0.0,0.0,0.0,0.08563969,0.84177546,3.08511749,3.75770235,3.62819843,5.79634465,2.64856397,0.15665796,0.0,0.0
863585604,0.0,0.0,0.0,0.0,0.0,0.0,1.34899913,1.57901281,1.19358448,0.70371752,1.56160637,8.384931,4.82158399,0.40656471,0.0,0.0,0.0,0.0,0.0,0.0
863604233,0.0,0.0,0.0,0.0,0.0,0.0,0.0,0.08815166,0.93175355,0.82180095,0.90995261,1.05402844,1.692891,5.11943128,5.15165877,3.0549763,0.92701422,0.23033175,0.01800948,0.0
863631899,0.0,0.0,0.0,0.0,0.0,0.0,0.32055476,0.7706398,0.76278948,0.25382703,0.2472851,5.19560382,6.51445767,3.19377208,1.66426796,0.77194819,0.29700379,0.00785032,0.0,0.0
866267921,0.0,0.00848977,0.89378361,2.44080747,4.68210546,5.67635129,4.65616451,1.46448448,0.1169701,0.04433544,0.01650788,0.0,0.0,0.0,0.0,0.0,0.0,0.0,0.0,0.0
869634031,0.0,0.0,2.70367863,3.04671632,9.87587452,4.37373053,0.0,0.0,0.0,0.0,0.0,0.0,0.0,0.0,0.0,0.0,0.0,0.0,0.0,0.0
870661094,0.0,0.0,0.0,0.0,0.0,0.0,0.0,0.0,0.0,0.0,0.0,0.0,0.07701662,0.42561816,4.14673693,8.47182813,4.81151196,1.937576,0.1297122,0.0
871782504,0.0,0.0,0.0,0.0,0.0,0.0,0.0,0.099002,0.93732535,8.48383234,8.65309381,1.68622754,0.14051896,0.0,0.0,0.0,0.0,0.0,0.0,0.0
872026690,0.0,0.0,0.0,0.0,0.0,0.0,0.0,0.0,0.0,0.0,0.0,0.06888016,0.08179519,0.0861002,0.21955551,2.27842652,5.1692407,8.6035624,3.49243933,0.0
872248529,0.0,0.0,2.13935372,13.99884593,3.61944605,0.2423543,0.0,0.0,0.0,0.0,0.0,0.0,0.0,0.0,0.0,0.0,0.0,0.0,0.0,0.0
873854264,0.0,0.80692656,4.77387597,6.88788292,3.62413748,2.07357272,1.20599481,0.41752736,0.19689711,0.01318507,0.0,0.0,0.0,0.0,0.0,0.0,0.0,0.0,0.0,0.0
886335606,0.0,0.0,0.0,0.0,0.0,1.29496403,11.26645853,6.37980182,0.64476721,0.26605131,0.14795711,0.0,0.0,0.0,0.0,0.0,0.0,0.0,0.0,0.0
887048277,0.0,0.0,0.0,0.0,0.0,0.0,0.0,0.0,0.0,0.0,0.0,0.05583127,0.37014061,2.58891646,7.26426799,6.76592225,2.61373036,0.34119107,0.0,0.0
887156236,0.0,0.0,0.0,0.15572106,1.84946965,4.10968179,4.94922139,6.51320244,2.36064094,0.06206274,0.0,0.0,0.0,0.0,0.0,0.0,0.0,0.0,0.0,0.0
887288382,0.0,0.0,0.0,0.0,0.0,0.0,0.0,0.09503813,1.80130401,2.89755774,2.74284451,3.23571665,4.44469002,3.80152503,0.94817107,0.03315283,0.0,0.0,0.0,0.0
888108541,0.0,0.0,0.3524328,3.73197149,3.67809641,6.11369886,5.54239856,0.58140187,0.0,0.0,0.0,0.0,0.0,0.0,0.0,0.0,0.0,0.0,0.0,0.0
889183564,5.09259259,14.90740741,0.0,0.0,0.0,0.0,0.0,0.0,0.0,0.0,0.0,0.0,0.0,0.0,0.0,0.0,0.0,0.0,0.0,0.0
889235347,0.0,0.00897263347,5.59533423,9.01390758,2.74383131,1.5935397,0.934948407,0.109466128,0.0,0.0,0.0,0.0,0.0,0.0,0.0,0.0,0.0,0.0,0.0,0.0
892547707,0.0,0.0,0.0,0.0,0.0,0.14633541,4.47687156,8.99425406,3.88243562,1.22607581,0.64486793,0.6291596,0.0,0.0,0.0,0.0,0.0,0.0,0.0,0.0
895740736,0.0,0.0,0.0,0.0,1.48417229,1.43227815,5.47483134,4.68085106,1.27919045,1.6398547,1.27919045,0.62791905,0.60197198,0.99896212,0.50077841,0.0,0.0,0.0,0.0,0.0
898559010,0.0,0.0,0.0,1.3687544,3.25826882,5.20056298,5.07389163,1.63969036,0.73539761,1.81914145,0.83391977,0.07037298,0.0,0.0,0.0,0.0,0.0,0.0,0.0,0.0
898697809,0.0,0.0,0.0,0.0,0.0,0.0,0.0,0.65292949,3.62462761,8.48808342,3.50546177,2.41062562,1.20158888,0.11668322,0.0,0.0,0.0,0.0,0.0,0.0
898703349,0.0,0.0,0.0,0.0,0.07120893,0.29778281,1.19436802,1.00663538,2.50849652,3.13642984,8.03689917,2.14921508,1.56659654,0.0323677,0.0,0.0,0.0,0.0,0.0,0.0
899368360,0.0,0.0,0.0,0.11533371,1.05691057,0.62015504,1.59387408,3.11211949,5.41879372,2.59595387,3.36547552,1.4369446,0.15692948,0.25335602,0.2741539,0.0,0.0,0.0,0.0,0.0
904023586,0.0,0.0,0.0,0.0,0.0,0.0,0.0,0.0,0.0,0.0,0.0,0.0,0.0,0.0,0.14245773,0.21701504,4.8555452,7.9709759,6.78604713,0.02795899
904832267,0.0,0.0,0.02002002,1.9063508,3.4745857,4.05739072,5.19408297,1.6349683,1.08552997,2.13324436,0.47158269,0.02224447,0.0,0.0,0.0,0.0,0.0,0.0,0.0,0.0
904862358,0.0,0.0,2.08202791,6.16063799,4.34349188,2.70863002,0.62090572,0.94559954,1.23326688,1.63201367,0.27342637,0.0,0.0,0.0,0.0,0.0,0.0,0.0,0.0,0.0
912868696,0.0,0.0,0.0,2.91400142,8.07391613,4.16962805,1.74840085,0.83866382,0.74389955,0.43591566,1.07557451,0.0,0.0,0.0,0.0,0.0,0.0,0.0,0.0,0.0
913928092,0.0,0.0,0.0,0.0,0.0,0.0,0.0,0.03215659,0.18594897,0.69346382,1.29185599,2.09157637,2.33764418,4.45858092,7.09262496,1.35756728,0.39147151,0.0671094,0.0,0.0
919102928,0.0,0.0,0.0,1.42836063,3.74797108,5.38881511,5.01696916,1.35163051,0.43972259,1.6644533,0.56957356,0.39250406,0.0,0.0,0.0,0.0,0.0,0.0,0.0,0.0
919950532,0.0,0.0,0.0,0.2154592,3.14570428,2.24077565,3.48505252,1.90142742,1.06652303,4.16374899,1.40048478,0.44707783,1.45434958,0.47939671,0.0,0.0,0.0,0.0,0.0,0.0
922613228,0.0,0.0,5.99132,8.58050175,3.22642109,0.96750291,0.51868318,0.71557108,0.0,0.0,0.0,0.0,0.0,0.0,0.0,0.0,0.0,0.0,0.0,0.0
926866005,0.0,0.209030949,8.63521055,5.45509893,0.825976662,0.385591071,1.30695079,1.67021816,1.50786403,0.00405885337,0.0,0.0,0.0,0.0,0.0,0.0,0.0,0.0,0.0,0.0
926887643,0.0,0.0,3.4643571,10.49966689,5.58960693,0.44636909,0.0,0.0,0.0,0.0,0.0,0.0,0.0,0.0,0.0,0.0,0.0,0.0,0.0,0.0
927833265,0.0,0.0,3.11023622,2.74984858,5.58449425,2.59236826,0.82374319,2.25317989,2.41671714,0.26044821,0.20896426,0.0,0.0,0.0,0.0,0.0,0.0,0.0,0.0,0.0
935032340,0.0,0.0,0.0,0.0,0.0,0.0,0.0,0.47140912,0.39142274,0.15316542,0.14295439,0.55820286,2.76718856,7.38257318,4.84513274,2.69060585,0.59734513,0.0,0.0,0.0
941794256,0.0,0.03322811,5.01744476,4.86127264,5.23342748,4.11364014,0.52832696,0.21265991,0.0,0.0,0.0,0.0,0.0,0.0,0.0,0.0,0.0,0.0,0.0,0.0
941802910,0.0,0.0,0.0,0.0,0.0,0.0,0.0,0.0,0.0,0.0,0.0,0.10850388,0.32551164,0.45959774,3.72353564,6.70783345,6.10709245,2.32974594,0.23817925,0.0
941824942,0.0,0.0,0.0,0.0,0.0,0.0,0.0,0.0,0.0,0.0,0.14249525,1.17479417,3.11589614,7.44458518,4.87333756,2.79607346,0.45281824,0.0,0.0,0.0
941846857,0.0,0.0,0.0,0.32553408,3.23186478,4.37905939,2.8625088,2.14883794,3.53861805,1.43047187,0.92965021,0.69958526,0.43978402,0.01408561,0.0,0.0,0.0,0.0,0.0,0.0
941868688,0.0,0.0,8.38282504,7.988229,2.97752809,0.36383093,0.28758694,0.0,0.0,0.0,0.0,0.0,0.0,0.0,0.0,0.0,0.0,0.0,0.0,0.0
941935110,0.0,0.0,0.0,2.83194512,8.9710926,4.10093092,1.47476727,1.1244488,0.62959334,0.20088192,0.26212641,0.40421362,0.0,0.0,0.0,0.0,0.0,0.0,0.0,0.0
946190769,0.0,0.0,0.0,5.01446723,10.89696817,3.95018241,0.13838219,0.0,0.0,0.0,0.0,0.0,0.0,0.0,0.0,0.0,0.0,0.0,0.0,0.0
952669499,0.0,0.0,0.0,0.78110236,3.89606299,3.69448819,4.69606299,4.11653543,1.13385827,1.3511811,0.33070866,0.0,0.0,0.0,0.0,0.0,0.0,0.0,0.0,0.0
958930508,0.0,0.0,0.0,0.0,0.0,0.0,0.0,0.0,0.0,0.0,0.0,0.02484789,0.11659393,0.31219139,1.50998694,4.35793699,6.24127935,6.78283584,0.65432767,0.0
963019667,0.0,0.0,0.0,5.02115417,2.99712303,3.89744458,1.45709934,0.63124048,1.55863936,2.19326451,1.43679134,0.70908783,0.09815536,0.0,0.0,0.0,0.0,0.0,0.0,0.0
992268582,0.0,0.0,0.0,0.0246544,10.81271463,8.70652461,0.45610637,0.0,0.0,0.0,0.0,0.0,0.0,0.0,0.0,0.0,0.0,0.0,0.0,0.0
992386952,0.0,0.0,3.01424979,10.76781224,5.80217938,0.41575859,0.0,0.0,0.0,0.0,0.0,0.0,0.0,0.0,0.0,0.0,0.0,0.0,0.0,0.0
992830261,0.0,0.0,0.0,0.0,0.0,0.0,0.0,0.0,0.0,0.0,0.09484536,0.52508591,1.01993127,1.77457045,7.42680412,6.3628866,2.36701031,0.42886598,0.0,0.0
993243528,0.0,1.65217391,9.44202899,5.23550725,2.52898551,0.3442029,0.4384058,0.35869565,0.0,0.0,0.0,0.0,0.0,0.0,0.0,0.0,0.0,0.0,0.0,0.0
993245688,0.0,0.0,0.0,0.26611178,5.55493684,8.17502418,3.19568594,1.31766361,0.9085314,0.45016266,0.13188359,0.0,0.0,0.0,0.0,0.0,0.0,0.0,0.0,0.0
993283588,0.0,0.0,0.63794532,9.22328086,8.490058,1.64871582,0.0,0.0,0.0,0.0,0.0,0.0,0.0,0.0,0.0,0.0,0.0,0.0,0.0,0.0
